entity_id,series_id,time,utc,value,unit,scope
n-x-money,volume,1789833600,2026-09-19T16:00:00Z,84781.21903077656,USD/hour,selected two pools; reconstructed today
n-x-money,volume,1789837200,2026-09-19T17:00:00Z,102440.65315187027,USD/hour,selected two pools; reconstructed today
n-x-money,volume,1789840800,2026-09-19T18:00:00Z,99584.77265993942,USD/hour,selected two pools; reconstructed today
n-x-money,volume,1789844400,2026-09-19T19:00:00Z,44093.30734900391,USD/hour,selected two pools; reconstructed today
n-x-money,volume,1789848000,2026-09-19T20:00:00Z,223214.9421974625,USD/hour,selected two pools; reconstructed today
n-x-money,volume,1789851600,2026-09-19T21:00:00Z,158700.3473897936,USD/hour,selected two pools; reconstructed today
n-x-money,volume,1789855200,2026-09-19T22:00:00Z,78391.83112535575,USD/hour,selected two pools; reconstructed today
n-x-money,volume,1789858800,2026-09-19T23:00:00Z,75829.17220510604,USD/hour,selected two pools; reconstructed today
n-x-money,volume,1789862400,2026-09-20T00:00:00Z,81579.37815762148,USD/hour,selected two pools; reconstructed today
n-x-money,volume,1789866000,2026-09-20T01:00:00Z,49279.0151421039,USD/hour,selected two pools; reconstructed today
n-x-money,volume,1789869600,2026-09-20T02:00:00Z,42545.734432602185,USD/hour,selected two pools; reconstructed today
n-x-money,volume,1789873200,2026-09-20T03:00:00Z,71314.97443223173,USD/hour,selected two pools; reconstructed today
n-x-money,volume,1789876800,2026-09-20T04:00:00Z,70119.83112413963,USD/hour,selected two pools; reconstructed today
n-x-money,volume,1789880400,2026-09-20T05:00:00Z,58204.64947824665,USD/hour,selected two pools; reconstructed today
n-x-money,volume,1789884000,2026-09-20T06:00:00Z,83996.888629007,USD/hour,selected two pools; reconstructed today
n-x-money,volume,1789887600,2026-09-20T07:00:00Z,84421.9694784056,USD/hour,selected two pools; reconstructed today
n-x-money,volume,1789891200,2026-09-20T08:00:00Z,96078.15331327515,USD/hour,selected two pools; reconstructed today
n-x-money,volume,1789894800,2026-09-20T09:00:00Z,73508.51695819951,USD/hour,selected two pools; reconstructed today
n-x-money,volume,1789898400,2026-09-20T10:00:00Z,68962.2138159458,USD/hour,selected two pools; reconstructed today
n-x-money,volume,1789902000,2026-09-20T11:00:00Z,34494.75225758029,USD/hour,selected two pools; reconstructed today
n-x-money,volume,1789905600,2026-09-20T12:00:00Z,25677.428087600652,USD/hour,selected two pools; reconstructed today
n-x-money,volume,1789909200,2026-09-20T13:00:00Z,51847.30297862163,USD/hour,selected two pools; reconstructed today
n-x-money,volume,1789912800,2026-09-20T14:00:00Z,44050.30506933829,USD/hour,selected two pools; reconstructed today
n-x-money,volume,1789916400,2026-09-20T15:00:00Z,44734.47726940784,USD/hour,selected two pools; reconstructed today
n-x-money,volume,1789920000,2026-09-20T16:00:00Z,119887.95655953638,USD/hour,selected two pools; reconstructed today
n-x-money,volume,1789923600,2026-09-20T17:00:00Z,126079.141460402,USD/hour,selected two pools; reconstructed today
n-x-money,volume,1789927200,2026-09-20T18:00:00Z,53794.55099275774,USD/hour,selected two pools; reconstructed today
n-x-money,volume,1789930800,2026-09-20T19:00:00Z,77272.3189686374,USD/hour,selected two pools; reconstructed today
n-x-money,volume,1789934400,2026-09-20T20:00:00Z,39076.941674607035,USD/hour,selected two pools; reconstructed today
n-x-money,volume,1789938000,2026-09-20T21:00:00Z,64397.38218010597,USD/hour,selected two pools; reconstructed today
n-x-money,volume,1789941600,2026-09-20T22:00:00Z,62025.73579473325,USD/hour,selected two pools; reconstructed today
n-x-money,volume,1789945200,2026-09-20T23:00:00Z,120080.12629600524,USD/hour,selected two pools; reconstructed today
n-x-money,volume,1789948800,2026-09-21T00:00:00Z,54710.887505858365,USD/hour,selected two pools; reconstructed today
n-x-money,volume,1789952400,2026-09-21T01:00:00Z,30466.913433858186,USD/hour,selected two pools; reconstructed today
n-x-money,volume,1789956000,2026-09-21T02:00:00Z,56715.45240361111,USD/hour,selected two pools; reconstructed today
n-x-money,volume,1789959600,2026-09-21T03:00:00Z,57017.08078178171,USD/hour,selected two pools; reconstructed today
n-x-money,volume,1789963200,2026-09-21T04:00:00Z,43090.85693675029,USD/hour,selected two pools; reconstructed today
n-x-money,volume,1789966800,2026-09-21T05:00:00Z,96599.42404275294,USD/hour,selected two pools; reconstructed today
n-x-money,volume,1789970400,2026-09-21T06:00:00Z,76242.51191807321,USD/hour,selected two pools; reconstructed today
n-x-money,volume,1789974000,2026-09-21T07:00:00Z,40794.82100292705,USD/hour,selected two pools; reconstructed today
n-x-money,volume,1789977600,2026-09-21T08:00:00Z,53389.85050095004,USD/hour,selected two pools; reconstructed today
n-x-money,volume,1789981200,2026-09-21T09:00:00Z,53333.770362239564,USD/hour,selected two pools; reconstructed today
n-x-money,volume,1789984800,2026-09-21T10:00:00Z,70985.30640081032,USD/hour,selected two pools; reconstructed today
n-x-money,volume,1789988400,2026-09-21T11:00:00Z,46109.81279296774,USD/hour,selected two pools; reconstructed today
n-x-money,volume,1789992000,2026-09-21T12:00:00Z,241200.52068512456,USD/hour,selected two pools; reconstructed today
n-x-money,volume,1789995600,2026-09-21T13:00:00Z,222593.6370558224,USD/hour,selected two pools; reconstructed today
n-x-money,volume,1789999200,2026-09-21T14:00:00Z,218698.07200028628,USD/hour,selected two pools; reconstructed today
n-x-money,volume,1790002800,2026-09-21T15:00:00Z,131801.6024238322,USD/hour,selected two pools; reconstructed today
n-x-money,volume,1790006400,2026-09-21T16:00:00Z,98133.81208493235,USD/hour,selected two pools; reconstructed today
n-x-money,volume,1790010000,2026-09-21T17:00:00Z,47705.70290701507,USD/hour,selected two pools; reconstructed today
n-x-money,volume,1790013600,2026-09-21T18:00:00Z,59226.24525502965,USD/hour,selected two pools; reconstructed today
n-x-money,volume,1790017200,2026-09-21T19:00:00Z,38823.37350143313,USD/hour,selected two pools; reconstructed today
n-x-money,volume,1790020800,2026-09-21T20:00:00Z,46962.8853593319,USD/hour,selected two pools; reconstructed today
n-x-money,volume,1790024400,2026-09-21T21:00:00Z,80887.16682630089,USD/hour,selected two pools; reconstructed today
n-x-money,volume,1790028000,2026-09-21T22:00:00Z,62660.99567662376,USD/hour,selected two pools; reconstructed today
n-x-money,volume,1790031600,2026-09-21T23:00:00Z,50221.07427118805,USD/hour,selected two pools; reconstructed today
n-x-money,volume,1790035200,2026-09-22T00:00:00Z,28238.287452017783,USD/hour,selected two pools; reconstructed today
n-x-money,volume,1790038800,2026-09-22T01:00:00Z,40895.920733727515,USD/hour,selected two pools; reconstructed today
n-x-money,volume,1790042400,2026-09-22T02:00:00Z,72552.75696327844,USD/hour,selected two pools; reconstructed today
n-x-money,volume,1790046000,2026-09-22T03:00:00Z,25983.33252925172,USD/hour,selected two pools; reconstructed today
n-x-money,volume,1790049600,2026-09-22T04:00:00Z,112637.05311735805,USD/hour,selected two pools; reconstructed today
n-x-money,volume,1790053200,2026-09-22T05:00:00Z,217739.5118802931,USD/hour,selected two pools; reconstructed today
n-x-money,volume,1790056800,2026-09-22T06:00:00Z,47139.02568663798,USD/hour,selected two pools; reconstructed today
n-x-money,volume,1790060400,2026-09-22T07:00:00Z,60479.689831070784,USD/hour,selected two pools; reconstructed today
n-x-money,volume,1790064000,2026-09-22T08:00:00Z,37582.210908158915,USD/hour,selected two pools; reconstructed today
n-x-money,volume,1790067600,2026-09-22T09:00:00Z,115592.07865656858,USD/hour,selected two pools; reconstructed today
n-x-money,volume,1790071200,2026-09-22T10:00:00Z,51840.439499367465,USD/hour,selected two pools; reconstructed today
n-x-money,volume,1790074800,2026-09-22T11:00:00Z,29858.562712756277,USD/hour,selected two pools; reconstructed today
n-x-money,volume,1790078400,2026-09-22T12:00:00Z,23726.21074031177,USD/hour,selected two pools; reconstructed today
n-x-money,volume,1790082000,2026-09-22T13:00:00Z,25697.087220371744,USD/hour,selected two pools; reconstructed today
n-x-money,volume,1790085600,2026-09-22T14:00:00Z,35910.09273940411,USD/hour,selected two pools; reconstructed today
n-x-money,volume,1790089200,2026-09-22T15:00:00Z,50052.22167390099,USD/hour,selected two pools; reconstructed today
n-x-money,volume,1790092800,2026-09-22T16:00:00Z,76037.1946512311,USD/hour,selected two pools; reconstructed today
n-x-money,volume,1790096400,2026-09-22T17:00:00Z,36306.16714876072,USD/hour,selected two pools; reconstructed today
n-x-money,volume,1790100000,2026-09-22T18:00:00Z,48296.69429778506,USD/hour,selected two pools; reconstructed today
n-x-money,volume,1790103600,2026-09-22T19:00:00Z,56461.87215053016,USD/hour,selected two pools; reconstructed today
n-x-money,volume,1790107200,2026-09-22T20:00:00Z,30520.41636702316,USD/hour,selected two pools; reconstructed today
n-x-money,volume,1790110800,2026-09-22T21:00:00Z,39995.4855611393,USD/hour,selected two pools; reconstructed today
n-x-money,volume,1790114400,2026-09-22T22:00:00Z,82215.06446785033,USD/hour,selected two pools; reconstructed today
n-x-money,volume,1790118000,2026-09-22T23:00:00Z,99484.43133784269,USD/hour,selected two pools; reconstructed today
n-x-money,volume,1790121600,2026-09-23T00:00:00Z,46862.59121524782,USD/hour,selected two pools; reconstructed today
n-x-money,volume,1790125200,2026-09-23T01:00:00Z,27132.048830888634,USD/hour,selected two pools; reconstructed today
n-x-money,volume,1790128800,2026-09-23T02:00:00Z,76984.76667803038,USD/hour,selected two pools; reconstructed today
n-x-money,volume,1790132400,2026-09-23T03:00:00Z,57664.56893429194,USD/hour,selected two pools; reconstructed today
n-x-money,volume,1790136000,2026-09-23T04:00:00Z,80381.75191749923,USD/hour,selected two pools; reconstructed today
n-x-money,volume,1790139600,2026-09-23T05:00:00Z,34295.4506008357,USD/hour,selected two pools; reconstructed today
n-x-money,volume,1790143200,2026-09-23T06:00:00Z,22209.117442776896,USD/hour,selected two pools; reconstructed today
n-x-money,volume,1790146800,2026-09-23T07:00:00Z,17058.959575572408,USD/hour,selected two pools; reconstructed today
n-x-money,volume,1790150400,2026-09-23T08:00:00Z,12303.197393706338,USD/hour,selected two pools; reconstructed today
n-x-money,volume,1790154000,2026-09-23T09:00:00Z,23574.521288007178,USD/hour,selected two pools; reconstructed today
n-x-money,volume,1790157600,2026-09-23T10:00:00Z,55414.85776503159,USD/hour,selected two pools; reconstructed today
n-x-money,volume,1790161200,2026-09-23T11:00:00Z,31527.611222322474,USD/hour,selected two pools; reconstructed today
n-x-money,volume,1790164800,2026-09-23T12:00:00Z,27363.41079061202,USD/hour,selected two pools; reconstructed today
n-x-money,volume,1790168400,2026-09-23T13:00:00Z,19332.113371572654,USD/hour,selected two pools; reconstructed today
n-x-money,volume,1790172000,2026-09-23T14:00:00Z,75823.55861808822,USD/hour,selected two pools; reconstructed today
n-x-money,volume,1790175600,2026-09-23T15:00:00Z,33278.88372484797,USD/hour,selected two pools; reconstructed today
n-x-money,volume,1790179200,2026-09-23T16:00:00Z,53305.7753313162,USD/hour,selected two pools; reconstructed today
n-x-money,volume,1790182800,2026-09-23T17:00:00Z,44031.825842322825,USD/hour,selected two pools; reconstructed today
n-x-money,volume,1790186400,2026-09-23T18:00:00Z,60233.80997646049,USD/hour,selected two pools; reconstructed today
n-x-money,volume,1790190000,2026-09-23T19:00:00Z,225225.3831246387,USD/hour,selected two pools; reconstructed today
n-x-money,volume,1790193600,2026-09-23T20:00:00Z,74774.86182000687,USD/hour,selected two pools; reconstructed today
n-x-money,volume,1790197200,2026-09-23T21:00:00Z,53071.679970958765,USD/hour,selected two pools; reconstructed today
n-x-money,volume,1790200800,2026-09-23T22:00:00Z,115509.39765322361,USD/hour,selected two pools; reconstructed today
n-x-money,volume,1790204400,2026-09-23T23:00:00Z,51475.64653096003,USD/hour,selected two pools; reconstructed today
n-x-money,volume,1790208000,2026-09-24T00:00:00Z,42686.04753396606,USD/hour,selected two pools; reconstructed today
n-x-money,volume,1790211600,2026-09-24T01:00:00Z,27363.69646325343,USD/hour,selected two pools; reconstructed today
n-x-money,volume,1790215200,2026-09-24T02:00:00Z,19491.814295159784,USD/hour,selected two pools; reconstructed today
n-x-money,volume,1790218800,2026-09-24T03:00:00Z,15858.212712984863,USD/hour,selected two pools; reconstructed today
n-x-money,volume,1790222400,2026-09-24T04:00:00Z,25667.38756943407,USD/hour,selected two pools; reconstructed today
n-x-money,volume,1790226000,2026-09-24T05:00:00Z,19815.15219168422,USD/hour,selected two pools; reconstructed today
n-x-money,volume,1790229600,2026-09-24T06:00:00Z,13714.363525222867,USD/hour,selected two pools; reconstructed today
n-x-money,volume,1790233200,2026-09-24T07:00:00Z,10262.630604557427,USD/hour,selected two pools; reconstructed today
n-x-money,volume,1790236800,2026-09-24T08:00:00Z,10392.455371477641,USD/hour,selected two pools; reconstructed today
n-x-money,volume,1790240400,2026-09-24T09:00:00Z,74228.6370943112,USD/hour,selected two pools; reconstructed today
n-x-money,volume,1790244000,2026-09-24T10:00:00Z,75055.27453501683,USD/hour,selected two pools; reconstructed today
n-x-money,volume,1790247600,2026-09-24T11:00:00Z,61820.423727354006,USD/hour,selected two pools; reconstructed today
n-x-money,volume,1790251200,2026-09-24T12:00:00Z,38707.50557064543,USD/hour,selected two pools; reconstructed today
n-x-money,volume,1790254800,2026-09-24T13:00:00Z,30312.291661847077,USD/hour,selected two pools; reconstructed today
n-x-money,volume,1790258400,2026-09-24T14:00:00Z,168107.14022357052,USD/hour,selected two pools; reconstructed today
n-x-money,volume,1790262000,2026-09-24T15:00:00Z,105164.68347405412,USD/hour,selected two pools; reconstructed today
n-x-money,volume,1790265600,2026-09-24T16:00:00Z,135725.83102612427,USD/hour,selected two pools; reconstructed today
n-x-money,volume,1790269200,2026-09-24T17:00:00Z,46392.99540464317,USD/hour,selected two pools; reconstructed today
n-x-money,volume,1790272800,2026-09-24T18:00:00Z,83548.073921359,USD/hour,selected two pools; reconstructed today
n-x-money,volume,1790276400,2026-09-24T19:00:00Z,44420.859795469754,USD/hour,selected two pools; reconstructed today
n-x-money,volume,1790280000,2026-09-24T20:00:00Z,23746.441616448734,USD/hour,selected two pools; reconstructed today
n-x-money,volume,1790283600,2026-09-24T21:00:00Z,42934.95172158894,USD/hour,selected two pools; reconstructed today
n-x-money,volume,1790287200,2026-09-24T22:00:00Z,73201.32957375483,USD/hour,selected two pools; reconstructed today
n-x-money,volume,1790290800,2026-09-24T23:00:00Z,78711.35019103353,USD/hour,selected two pools; reconstructed today
n-x-money,volume,1790294400,2026-09-25T00:00:00Z,22333.04786784963,USD/hour,selected two pools; reconstructed today
n-x-money,volume,1790298000,2026-09-25T01:00:00Z,29324.575604439036,USD/hour,selected two pools; reconstructed today
n-x-money,volume,1790301600,2026-09-25T02:00:00Z,15282.789379642725,USD/hour,selected two pools; reconstructed today
n-x-money,volume,1790305200,2026-09-25T03:00:00Z,11691.797705426783,USD/hour,selected two pools; reconstructed today
n-x-money,volume,1790308800,2026-09-25T04:00:00Z,25703.543599412667,USD/hour,selected two pools; reconstructed today
n-x-money,volume,1790312400,2026-09-25T05:00:00Z,16324.896603185454,USD/hour,selected two pools; reconstructed today
n-x-money,volume,1790316000,2026-09-25T06:00:00Z,12476.190455992568,USD/hour,selected two pools; reconstructed today
n-x-money,volume,1790319600,2026-09-25T07:00:00Z,10131.2163627784,USD/hour,selected two pools; reconstructed today
n-x-money,volume,1790323200,2026-09-25T08:00:00Z,11421.596825743003,USD/hour,selected two pools; reconstructed today
n-x-money,volume,1790326800,2026-09-25T09:00:00Z,22293.973096788886,USD/hour,selected two pools; reconstructed today
n-x-money,volume,1790330400,2026-09-25T10:00:00Z,45213.833928032866,USD/hour,selected two pools; reconstructed today
n-x-money,volume,1790334000,2026-09-25T11:00:00Z,60245.309427135544,USD/hour,selected two pools; reconstructed today
n-x-money,volume,1790337600,2026-09-25T12:00:00Z,83093.6860916419,USD/hour,selected two pools; reconstructed today
n-x-money,volume,1790341200,2026-09-25T13:00:00Z,65077.47536595169,USD/hour,selected two pools; reconstructed today
n-x-money,volume,1790344800,2026-09-25T14:00:00Z,31473.436756909883,USD/hour,selected two pools; reconstructed today
n-x-money,volume,1790348400,2026-09-25T15:00:00Z,62558.07966954411,USD/hour,selected two pools; reconstructed today
n-x-money,volume,1790352000,2026-09-25T16:00:00Z,86097.6950376899,USD/hour,selected two pools; reconstructed today
n-x-money,volume,1790355600,2026-09-25T17:00:00Z,76135.63317584276,USD/hour,selected two pools; reconstructed today
n-x-money,volume,1790359200,2026-09-25T18:00:00Z,32141.06661993343,USD/hour,selected two pools; reconstructed today
n-x-money,volume,1790362800,2026-09-25T19:00:00Z,26805.409803134018,USD/hour,selected two pools; reconstructed today
n-x-money,volume,1790366400,2026-09-25T20:00:00Z,45038.9059272855,USD/hour,selected two pools; reconstructed today
n-x-money,volume,1790370000,2026-09-25T21:00:00Z,121918.50650553155,USD/hour,selected two pools; reconstructed today
n-x-money,volume,1790373600,2026-09-25T22:00:00Z,96391.28942738475,USD/hour,selected two pools; reconstructed today
n-x-money,volume,1790377200,2026-09-25T23:00:00Z,52393.42697279349,USD/hour,selected two pools; reconstructed today
n-x-money,volume,1790380800,2026-09-26T00:00:00Z,434348.83986628,USD/hour,selected two pools; reconstructed today
n-x-money,volume,1790384400,2026-09-26T01:00:00Z,1066745.0825590251,USD/hour,selected two pools; reconstructed today
n-x-money,volume,1790388000,2026-09-26T02:00:00Z,1517246.5925078853,USD/hour,selected two pools; reconstructed today
n-x-money,volume,1790391600,2026-09-26T03:00:00Z,1358501.7602487453,USD/hour,selected two pools; reconstructed today
n-x-money,volume,1790395200,2026-09-26T04:00:00Z,676460.031874391,USD/hour,selected two pools; reconstructed today
n-x-money,volume,1790398800,2026-09-26T05:00:00Z,366302.9406112818,USD/hour,selected two pools; reconstructed today
n-x-money,volume,1790402400,2026-09-26T06:00:00Z,360291.40974251536,USD/hour,selected two pools; reconstructed today
n-x-money,volume,1790406000,2026-09-26T07:00:00Z,351309.8220712234,USD/hour,selected two pools; reconstructed today
n-x-money,volume,1790409600,2026-09-26T08:00:00Z,413792.45749154355,USD/hour,selected two pools; reconstructed today
n-x-money,volume,1790413200,2026-09-26T09:00:00Z,166438.302925476,USD/hour,selected two pools; reconstructed today
n-x-money,volume,1790416800,2026-09-26T10:00:00Z,214204.28034451194,USD/hour,selected two pools; reconstructed today
n-x-money,volume,1790420400,2026-09-26T11:00:00Z,257197.86379973352,USD/hour,selected two pools; reconstructed today
n-x-money,volume,1790424000,2026-09-26T12:00:00Z,942643.1445774351,USD/hour,selected two pools; reconstructed today
n-x-money,volume,1790427600,2026-09-26T13:00:00Z,253197.25951388062,USD/hour,selected two pools; reconstructed today
n-x-money,volume,1790431200,2026-09-26T14:00:00Z,801645.8335136336,USD/hour,selected two pools; reconstructed today
n-x-money,volume,1790434800,2026-09-26T15:00:00Z,442491.9343033035,USD/hour,selected two pools; reconstructed today
n-pair-rewards,volume,1789833600,2026-09-19T16:00:00Z,51371.09314842845,USD/hour,selected two pools; reconstructed today
n-pair-rewards,volume,1789837200,2026-09-19T17:00:00Z,90211.5797686338,USD/hour,selected two pools; reconstructed today
n-pair-rewards,volume,1789840800,2026-09-19T18:00:00Z,40637.54196103835,USD/hour,selected two pools; reconstructed today
n-pair-rewards,volume,1789844400,2026-09-19T19:00:00Z,122823.16017209861,USD/hour,selected two pools; reconstructed today
n-pair-rewards,volume,1789848000,2026-09-19T20:00:00Z,88147.37731804527,USD/hour,selected two pools; reconstructed today
n-pair-rewards,volume,1789851600,2026-09-19T21:00:00Z,52209.251586065904,USD/hour,selected two pools; reconstructed today
n-pair-rewards,volume,1789855200,2026-09-19T22:00:00Z,49258.896204372926,USD/hour,selected two pools; reconstructed today
n-pair-rewards,volume,1789858800,2026-09-19T23:00:00Z,45615.96276004445,USD/hour,selected two pools; reconstructed today
n-pair-rewards,volume,1789862400,2026-09-20T00:00:00Z,34658.972670494935,USD/hour,selected two pools; reconstructed today
n-pair-rewards,volume,1789866000,2026-09-20T01:00:00Z,39376.797454234074,USD/hour,selected two pools; reconstructed today
n-pair-rewards,volume,1789869600,2026-09-20T02:00:00Z,51550.7375625874,USD/hour,selected two pools; reconstructed today
n-pair-rewards,volume,1789873200,2026-09-20T03:00:00Z,40588.339976036994,USD/hour,selected two pools; reconstructed today
n-pair-rewards,volume,1789876800,2026-09-20T04:00:00Z,28547.90505280396,USD/hour,selected two pools; reconstructed today
n-pair-rewards,volume,1789880400,2026-09-20T05:00:00Z,45514.45527874893,USD/hour,selected two pools; reconstructed today
n-pair-rewards,volume,1789884000,2026-09-20T06:00:00Z,80208.3755393061,USD/hour,selected two pools; reconstructed today
n-pair-rewards,volume,1789887600,2026-09-20T07:00:00Z,28301.27765691147,USD/hour,selected two pools; reconstructed today
n-pair-rewards,volume,1789891200,2026-09-20T08:00:00Z,84541.5839818685,USD/hour,selected two pools; reconstructed today
n-pair-rewards,volume,1789894800,2026-09-20T09:00:00Z,25782.525061282635,USD/hour,selected two pools; reconstructed today
n-pair-rewards,volume,1789898400,2026-09-20T10:00:00Z,32469.72480277054,USD/hour,selected two pools; reconstructed today
n-pair-rewards,volume,1789902000,2026-09-20T11:00:00Z,40780.609626379905,USD/hour,selected two pools; reconstructed today
n-pair-rewards,volume,1789905600,2026-09-20T12:00:00Z,24506.885817577895,USD/hour,selected two pools; reconstructed today
n-pair-rewards,volume,1789909200,2026-09-20T13:00:00Z,35080.17683054784,USD/hour,selected two pools; reconstructed today
n-pair-rewards,volume,1789912800,2026-09-20T14:00:00Z,32738.102540836582,USD/hour,selected two pools; reconstructed today
n-pair-rewards,volume,1789916400,2026-09-20T15:00:00Z,47690.651660087526,USD/hour,selected two pools; reconstructed today
n-pair-rewards,volume,1789920000,2026-09-20T16:00:00Z,44975.98176935839,USD/hour,selected two pools; reconstructed today
n-pair-rewards,volume,1789923600,2026-09-20T17:00:00Z,73861.06751489722,USD/hour,selected two pools; reconstructed today
n-pair-rewards,volume,1789927200,2026-09-20T18:00:00Z,54198.34451352604,USD/hour,selected two pools; reconstructed today
n-pair-rewards,volume,1789930800,2026-09-20T19:00:00Z,158779.9505288661,USD/hour,selected two pools; reconstructed today
n-pair-rewards,volume,1789934400,2026-09-20T20:00:00Z,121299.86490707437,USD/hour,selected two pools; reconstructed today
n-pair-rewards,volume,1789938000,2026-09-20T21:00:00Z,54104.43535797302,USD/hour,selected two pools; reconstructed today
n-pair-rewards,volume,1789941600,2026-09-20T22:00:00Z,30619.498644329367,USD/hour,selected two pools; reconstructed today
n-pair-rewards,volume,1789945200,2026-09-20T23:00:00Z,33113.68660246144,USD/hour,selected two pools; reconstructed today
n-pair-rewards,volume,1789948800,2026-09-21T00:00:00Z,78096.51487821735,USD/hour,selected two pools; reconstructed today
n-pair-rewards,volume,1789952400,2026-09-21T01:00:00Z,75146.85120934632,USD/hour,selected two pools; reconstructed today
n-pair-rewards,volume,1789956000,2026-09-21T02:00:00Z,54727.123684831044,USD/hour,selected two pools; reconstructed today
n-pair-rewards,volume,1789959600,2026-09-21T03:00:00Z,63809.532544869835,USD/hour,selected two pools; reconstructed today
n-pair-rewards,volume,1789963200,2026-09-21T04:00:00Z,50426.568554277386,USD/hour,selected two pools; reconstructed today
n-pair-rewards,volume,1789966800,2026-09-21T05:00:00Z,16741.347949071354,USD/hour,selected two pools; reconstructed today
n-pair-rewards,volume,1789970400,2026-09-21T06:00:00Z,17250.228806018273,USD/hour,selected two pools; reconstructed today
n-pair-rewards,volume,1789974000,2026-09-21T07:00:00Z,7840.703812097012,USD/hour,selected two pools; reconstructed today
n-pair-rewards,volume,1789977600,2026-09-21T08:00:00Z,59064.697267068295,USD/hour,selected two pools; reconstructed today
n-pair-rewards,volume,1789981200,2026-09-21T09:00:00Z,33817.28101035239,USD/hour,selected two pools; reconstructed today
n-pair-rewards,volume,1789984800,2026-09-21T10:00:00Z,15066.105757070567,USD/hour,selected two pools; reconstructed today
n-pair-rewards,volume,1789988400,2026-09-21T11:00:00Z,20826.535773906937,USD/hour,selected two pools; reconstructed today
n-pair-rewards,volume,1789992000,2026-09-21T12:00:00Z,34575.62087290098,USD/hour,selected two pools; reconstructed today
n-pair-rewards,volume,1789995600,2026-09-21T13:00:00Z,50269.29053693124,USD/hour,selected two pools; reconstructed today
n-pair-rewards,volume,1789999200,2026-09-21T14:00:00Z,52309.97411049064,USD/hour,selected two pools; reconstructed today
n-pair-rewards,volume,1790002800,2026-09-21T15:00:00Z,218641.64691477607,USD/hour,selected two pools; reconstructed today
n-pair-rewards,volume,1790006400,2026-09-21T16:00:00Z,162707.26511438016,USD/hour,selected two pools; reconstructed today
n-pair-rewards,volume,1790010000,2026-09-21T17:00:00Z,94312.54488927808,USD/hour,selected two pools; reconstructed today
n-pair-rewards,volume,1790013600,2026-09-21T18:00:00Z,214897.4909628323,USD/hour,selected two pools; reconstructed today
n-pair-rewards,volume,1790017200,2026-09-21T19:00:00Z,135163.1330554612,USD/hour,selected two pools; reconstructed today
n-pair-rewards,volume,1790020800,2026-09-21T20:00:00Z,73352.64450647528,USD/hour,selected two pools; reconstructed today
n-pair-rewards,volume,1790024400,2026-09-21T21:00:00Z,67833.23386218474,USD/hour,selected two pools; reconstructed today
n-pair-rewards,volume,1790028000,2026-09-21T22:00:00Z,44279.53963724432,USD/hour,selected two pools; reconstructed today
n-pair-rewards,volume,1790031600,2026-09-21T23:00:00Z,33173.14942973133,USD/hour,selected two pools; reconstructed today
n-pair-rewards,volume,1790035200,2026-09-22T00:00:00Z,23091.99662809147,USD/hour,selected two pools; reconstructed today
n-pair-rewards,volume,1790038800,2026-09-22T01:00:00Z,112148.50888710032,USD/hour,selected two pools; reconstructed today
n-pair-rewards,volume,1790042400,2026-09-22T02:00:00Z,92868.51634431444,USD/hour,selected two pools; reconstructed today
n-pair-rewards,volume,1790046000,2026-09-22T03:00:00Z,103667.78796559328,USD/hour,selected two pools; reconstructed today
n-pair-rewards,volume,1790049600,2026-09-22T04:00:00Z,57365.796363000285,USD/hour,selected two pools; reconstructed today
n-pair-rewards,volume,1790053200,2026-09-22T05:00:00Z,49501.51147537931,USD/hour,selected two pools; reconstructed today
n-pair-rewards,volume,1790056800,2026-09-22T06:00:00Z,38994.998406172024,USD/hour,selected two pools; reconstructed today
n-pair-rewards,volume,1790060400,2026-09-22T07:00:00Z,24057.262457238332,USD/hour,selected two pools; reconstructed today
n-pair-rewards,volume,1790064000,2026-09-22T08:00:00Z,16283.004972228493,USD/hour,selected two pools; reconstructed today
n-pair-rewards,volume,1790067600,2026-09-22T09:00:00Z,10102.392121820087,USD/hour,selected two pools; reconstructed today
n-pair-rewards,volume,1790071200,2026-09-22T10:00:00Z,24727.627710779925,USD/hour,selected two pools; reconstructed today
n-pair-rewards,volume,1790074800,2026-09-22T11:00:00Z,22233.44682509813,USD/hour,selected two pools; reconstructed today
n-pair-rewards,volume,1790078400,2026-09-22T12:00:00Z,28102.253595434857,USD/hour,selected two pools; reconstructed today
n-pair-rewards,volume,1790082000,2026-09-22T13:00:00Z,106819.23068185753,USD/hour,selected two pools; reconstructed today
n-pair-rewards,volume,1790085600,2026-09-22T14:00:00Z,153858.57847876142,USD/hour,selected two pools; reconstructed today
n-pair-rewards,volume,1790089200,2026-09-22T15:00:00Z,63019.61476078352,USD/hour,selected two pools; reconstructed today
n-pair-rewards,volume,1790092800,2026-09-22T16:00:00Z,26681.25038739126,USD/hour,selected two pools; reconstructed today
n-pair-rewards,volume,1790096400,2026-09-22T17:00:00Z,45391.776628145635,USD/hour,selected two pools; reconstructed today
n-pair-rewards,volume,1790100000,2026-09-22T18:00:00Z,154984.43017759192,USD/hour,selected two pools; reconstructed today
n-pair-rewards,volume,1790103600,2026-09-22T19:00:00Z,143373.9812236638,USD/hour,selected two pools; reconstructed today
n-pair-rewards,volume,1790107200,2026-09-22T20:00:00Z,66583.31455421264,USD/hour,selected two pools; reconstructed today
n-pair-rewards,volume,1790110800,2026-09-22T21:00:00Z,108185.22385640393,USD/hour,selected two pools; reconstructed today
n-pair-rewards,volume,1790114400,2026-09-22T22:00:00Z,118664.4684034251,USD/hour,selected two pools; reconstructed today
n-pair-rewards,volume,1790118000,2026-09-22T23:00:00Z,136263.77062342467,USD/hour,selected two pools; reconstructed today
n-pair-rewards,volume,1790121600,2026-09-23T00:00:00Z,67905.41742582442,USD/hour,selected two pools; reconstructed today
n-pair-rewards,volume,1790125200,2026-09-23T01:00:00Z,53185.81404567391,USD/hour,selected two pools; reconstructed today
n-pair-rewards,volume,1790128800,2026-09-23T02:00:00Z,86478.6110856573,USD/hour,selected two pools; reconstructed today
n-pair-rewards,volume,1790132400,2026-09-23T03:00:00Z,59327.18099883267,USD/hour,selected two pools; reconstructed today
n-pair-rewards,volume,1790136000,2026-09-23T04:00:00Z,116079.64890162995,USD/hour,selected two pools; reconstructed today
n-pair-rewards,volume,1790139600,2026-09-23T05:00:00Z,38775.73500079553,USD/hour,selected two pools; reconstructed today
n-pair-rewards,volume,1790143200,2026-09-23T06:00:00Z,84166.48523191537,USD/hour,selected two pools; reconstructed today
n-pair-rewards,volume,1790146800,2026-09-23T07:00:00Z,28922.10755455812,USD/hour,selected two pools; reconstructed today
n-pair-rewards,volume,1790150400,2026-09-23T08:00:00Z,71704.28886228593,USD/hour,selected two pools; reconstructed today
n-pair-rewards,volume,1790154000,2026-09-23T09:00:00Z,48941.13202042163,USD/hour,selected two pools; reconstructed today
n-pair-rewards,volume,1790157600,2026-09-23T10:00:00Z,56011.83214840713,USD/hour,selected two pools; reconstructed today
n-pair-rewards,volume,1790161200,2026-09-23T11:00:00Z,116907.70306212507,USD/hour,selected two pools; reconstructed today
n-pair-rewards,volume,1790164800,2026-09-23T12:00:00Z,118657.51673042268,USD/hour,selected two pools; reconstructed today
n-pair-rewards,volume,1790168400,2026-09-23T13:00:00Z,47672.90485347736,USD/hour,selected two pools; reconstructed today
n-pair-rewards,volume,1790172000,2026-09-23T14:00:00Z,148078.3096643596,USD/hour,selected two pools; reconstructed today
n-pair-rewards,volume,1790175600,2026-09-23T15:00:00Z,122089.06028311347,USD/hour,selected two pools; reconstructed today
n-pair-rewards,volume,1790179200,2026-09-23T16:00:00Z,91586.08177600346,USD/hour,selected two pools; reconstructed today
n-pair-rewards,volume,1790182800,2026-09-23T17:00:00Z,139674.5268729532,USD/hour,selected two pools; reconstructed today
n-pair-rewards,volume,1790186400,2026-09-23T18:00:00Z,156710.60238088574,USD/hour,selected two pools; reconstructed today
n-pair-rewards,volume,1790190000,2026-09-23T19:00:00Z,108582.68730017258,USD/hour,selected two pools; reconstructed today
n-pair-rewards,volume,1790193600,2026-09-23T20:00:00Z,62885.154266254445,USD/hour,selected two pools; reconstructed today
n-pair-rewards,volume,1790197200,2026-09-23T21:00:00Z,101326.7242358008,USD/hour,selected two pools; reconstructed today
n-pair-rewards,volume,1790200800,2026-09-23T22:00:00Z,89720.5763575132,USD/hour,selected two pools; reconstructed today
n-pair-rewards,volume,1790204400,2026-09-23T23:00:00Z,76836.43952103893,USD/hour,selected two pools; reconstructed today
n-pair-rewards,volume,1790208000,2026-09-24T00:00:00Z,80316.62772869793,USD/hour,selected two pools; reconstructed today
n-pair-rewards,volume,1790211600,2026-09-24T01:00:00Z,43849.61633247504,USD/hour,selected two pools; reconstructed today
n-pair-rewards,volume,1790215200,2026-09-24T02:00:00Z,68381.08315335811,USD/hour,selected two pools; reconstructed today
n-pair-rewards,volume,1790218800,2026-09-24T03:00:00Z,80270.76231277402,USD/hour,selected two pools; reconstructed today
n-pair-rewards,volume,1790222400,2026-09-24T04:00:00Z,74030.30563661465,USD/hour,selected two pools; reconstructed today
n-pair-rewards,volume,1790226000,2026-09-24T05:00:00Z,117698.22799273969,USD/hour,selected two pools; reconstructed today
n-pair-rewards,volume,1790229600,2026-09-24T06:00:00Z,32640.155923271443,USD/hour,selected two pools; reconstructed today
n-pair-rewards,volume,1790233200,2026-09-24T07:00:00Z,28602.02554507812,USD/hour,selected two pools; reconstructed today
n-pair-rewards,volume,1790236800,2026-09-24T08:00:00Z,52852.37341796694,USD/hour,selected two pools; reconstructed today
n-pair-rewards,volume,1790240400,2026-09-24T09:00:00Z,45872.804606396545,USD/hour,selected two pools; reconstructed today
n-pair-rewards,volume,1790244000,2026-09-24T10:00:00Z,19291.013929811637,USD/hour,selected two pools; reconstructed today
n-pair-rewards,volume,1790247600,2026-09-24T11:00:00Z,19334.770818821817,USD/hour,selected two pools; reconstructed today
n-pair-rewards,volume,1790251200,2026-09-24T12:00:00Z,40912.521425829196,USD/hour,selected two pools; reconstructed today
n-pair-rewards,volume,1790254800,2026-09-24T13:00:00Z,112615.50419338886,USD/hour,selected two pools; reconstructed today
n-pair-rewards,volume,1790258400,2026-09-24T14:00:00Z,146063.4067683477,USD/hour,selected two pools; reconstructed today
n-pair-rewards,volume,1790262000,2026-09-24T15:00:00Z,147393.0003943374,USD/hour,selected two pools; reconstructed today
n-pair-rewards,volume,1790265600,2026-09-24T16:00:00Z,69547.45131530738,USD/hour,selected two pools; reconstructed today
n-pair-rewards,volume,1790269200,2026-09-24T17:00:00Z,77396.88428724937,USD/hour,selected two pools; reconstructed today
n-pair-rewards,volume,1790272800,2026-09-24T18:00:00Z,273380.34740884765,USD/hour,selected two pools; reconstructed today
n-pair-rewards,volume,1790276400,2026-09-24T19:00:00Z,65813.11013838832,USD/hour,selected two pools; reconstructed today
n-pair-rewards,volume,1790280000,2026-09-24T20:00:00Z,61810.305041203894,USD/hour,selected two pools; reconstructed today
n-pair-rewards,volume,1790283600,2026-09-24T21:00:00Z,50274.51300822,USD/hour,selected two pools; reconstructed today
n-pair-rewards,volume,1790287200,2026-09-24T22:00:00Z,53461.20055840594,USD/hour,selected two pools; reconstructed today
n-pair-rewards,volume,1790290800,2026-09-24T23:00:00Z,97796.29043425061,USD/hour,selected two pools; reconstructed today
n-pair-rewards,volume,1790294400,2026-09-25T00:00:00Z,62090.505961098934,USD/hour,selected two pools; reconstructed today
n-pair-rewards,volume,1790298000,2026-09-25T01:00:00Z,82158.23574197912,USD/hour,selected two pools; reconstructed today
n-pair-rewards,volume,1790301600,2026-09-25T02:00:00Z,23455.755451108438,USD/hour,selected two pools; reconstructed today
n-pair-rewards,volume,1790305200,2026-09-25T03:00:00Z,48303.10390033078,USD/hour,selected two pools; reconstructed today
n-pair-rewards,volume,1790308800,2026-09-25T04:00:00Z,87046.89131808064,USD/hour,selected two pools; reconstructed today
n-pair-rewards,volume,1790312400,2026-09-25T05:00:00Z,45904.012523285695,USD/hour,selected two pools; reconstructed today
n-pair-rewards,volume,1790316000,2026-09-25T06:00:00Z,57171.22633122211,USD/hour,selected two pools; reconstructed today
n-pair-rewards,volume,1790319600,2026-09-25T07:00:00Z,35567.51827075463,USD/hour,selected two pools; reconstructed today
n-pair-rewards,volume,1790323200,2026-09-25T08:00:00Z,62725.671885134754,USD/hour,selected two pools; reconstructed today
n-pair-rewards,volume,1790326800,2026-09-25T09:00:00Z,36328.20148237268,USD/hour,selected two pools; reconstructed today
n-pair-rewards,volume,1790330400,2026-09-25T10:00:00Z,41516.38879073061,USD/hour,selected two pools; reconstructed today
n-pair-rewards,volume,1790334000,2026-09-25T11:00:00Z,24716.603890297403,USD/hour,selected two pools; reconstructed today
n-pair-rewards,volume,1790337600,2026-09-25T12:00:00Z,13967.98480545905,USD/hour,selected two pools; reconstructed today
n-pair-rewards,volume,1790341200,2026-09-25T13:00:00Z,27770.91503311331,USD/hour,selected two pools; reconstructed today
n-pair-rewards,volume,1790344800,2026-09-25T14:00:00Z,56851.2331297537,USD/hour,selected two pools; reconstructed today
n-pair-rewards,volume,1790348400,2026-09-25T15:00:00Z,55468.31175161487,USD/hour,selected two pools; reconstructed today
n-pair-rewards,volume,1790352000,2026-09-25T16:00:00Z,255372.62494503742,USD/hour,selected two pools; reconstructed today
n-pair-rewards,volume,1790355600,2026-09-25T17:00:00Z,351059.80399467424,USD/hour,selected two pools; reconstructed today
n-pair-rewards,volume,1790359200,2026-09-25T18:00:00Z,240327.41893474097,USD/hour,selected two pools; reconstructed today
n-pair-rewards,volume,1790362800,2026-09-25T19:00:00Z,216500.75375818962,USD/hour,selected two pools; reconstructed today
n-pair-rewards,volume,1790366400,2026-09-25T20:00:00Z,103559.91618688796,USD/hour,selected two pools; reconstructed today
n-pair-rewards,volume,1790370000,2026-09-25T21:00:00Z,57953.928790746315,USD/hour,selected two pools; reconstructed today
n-pair-rewards,volume,1790373600,2026-09-25T22:00:00Z,114838.26916337226,USD/hour,selected two pools; reconstructed today
n-pair-rewards,volume,1790377200,2026-09-25T23:00:00Z,61585.976485679,USD/hour,selected two pools; reconstructed today
n-pair-rewards,volume,1790380800,2026-09-26T00:00:00Z,102205.67550676342,USD/hour,selected two pools; reconstructed today
n-pair-rewards,volume,1790384400,2026-09-26T01:00:00Z,58153.31115580132,USD/hour,selected two pools; reconstructed today
n-pair-rewards,volume,1790388000,2026-09-26T02:00:00Z,67750.50373444053,USD/hour,selected two pools; reconstructed today
n-pair-rewards,volume,1790391600,2026-09-26T03:00:00Z,149093.79039642576,USD/hour,selected two pools; reconstructed today
n-pair-rewards,volume,1790395200,2026-09-26T04:00:00Z,225295.8193806143,USD/hour,selected two pools; reconstructed today
n-pair-rewards,volume,1790398800,2026-09-26T05:00:00Z,174515.14516657134,USD/hour,selected two pools; reconstructed today
n-pair-rewards,volume,1790402400,2026-09-26T06:00:00Z,133109.24771600935,USD/hour,selected two pools; reconstructed today
n-pair-rewards,volume,1790406000,2026-09-26T07:00:00Z,40429.47144764748,USD/hour,selected two pools; reconstructed today
n-pair-rewards,volume,1790409600,2026-09-26T08:00:00Z,62356.88745466416,USD/hour,selected two pools; reconstructed today
n-pair-rewards,volume,1790413200,2026-09-26T09:00:00Z,20437.508825861187,USD/hour,selected two pools; reconstructed today
n-pair-rewards,volume,1790416800,2026-09-26T10:00:00Z,40074.995182667415,USD/hour,selected two pools; reconstructed today
n-pair-rewards,volume,1790420400,2026-09-26T11:00:00Z,32460.587567216426,USD/hour,selected two pools; reconstructed today
n-pair-rewards,volume,1790424000,2026-09-26T12:00:00Z,108489.1554354396,USD/hour,selected two pools; reconstructed today
n-pair-rewards,volume,1790427600,2026-09-26T13:00:00Z,37784.83199908398,USD/hour,selected two pools; reconstructed today
n-pair-rewards,volume,1790431200,2026-09-26T14:00:00Z,74483.48806658294,USD/hour,selected two pools; reconstructed today
n-pair-rewards,volume,1790434800,2026-09-26T15:00:00Z,120491.37837724152,USD/hour,selected two pools; reconstructed today
pump.fun,fees,1787788800,2026-08-27T00:00:00Z,2649969,USD/day,all activity captured by mapped DefiLlama adapter
pump.fun,fees,1787875200,2026-08-28T00:00:00Z,2162156,USD/day,all activity captured by mapped DefiLlama adapter
pump.fun,fees,1787961600,2026-08-29T00:00:00Z,1938968,USD/day,all activity captured by mapped DefiLlama adapter
pump.fun,fees,1788048000,2026-08-30T00:00:00Z,1609576,USD/day,all activity captured by mapped DefiLlama adapter
pump.fun,fees,1788134400,2026-08-31T00:00:00Z,1721135,USD/day,all activity captured by mapped DefiLlama adapter
pump.fun,fees,1788220800,2026-09-01T00:00:00Z,1739933,USD/day,all activity captured by mapped DefiLlama adapter
pump.fun,fees,1788307200,2026-09-02T00:00:00Z,1463779,USD/day,all activity captured by mapped DefiLlama adapter
pump.fun,fees,1788393600,2026-09-03T00:00:00Z,1309539,USD/day,all activity captured by mapped DefiLlama adapter
pump.fun,fees,1788480000,2026-09-04T00:00:00Z,928134,USD/day,all activity captured by mapped DefiLlama adapter
pump.fun,fees,1788566400,2026-09-05T00:00:00Z,679806,USD/day,all activity captured by mapped DefiLlama adapter
pump.fun,fees,1788652800,2026-09-06T00:00:00Z,695147,USD/day,all activity captured by mapped DefiLlama adapter
pump.fun,fees,1788739200,2026-09-07T00:00:00Z,1225798,USD/day,all activity captured by mapped DefiLlama adapter
pump.fun,fees,1788825600,2026-09-08T00:00:00Z,1272930,USD/day,all activity captured by mapped DefiLlama adapter
pump.fun,fees,1788912000,2026-09-09T00:00:00Z,1412179,USD/day,all activity captured by mapped DefiLlama adapter
pump.fun,fees,1788998400,2026-09-10T00:00:00Z,1135509,USD/day,all activity captured by mapped DefiLlama adapter
pump.fun,fees,1789084800,2026-09-11T00:00:00Z,950515,USD/day,all activity captured by mapped DefiLlama adapter
pump.fun,fees,1789171200,2026-09-12T00:00:00Z,1400019,USD/day,all activity captured by mapped DefiLlama adapter
pump.fun,fees,1789257600,2026-09-13T00:00:00Z,1552550,USD/day,all activity captured by mapped DefiLlama adapter
pump.fun,fees,1789344000,2026-09-14T00:00:00Z,1707784,USD/day,all activity captured by mapped DefiLlama adapter
pump.fun,fees,1789430400,2026-09-15T00:00:00Z,1594991,USD/day,all activity captured by mapped DefiLlama adapter
pump.fun,fees,1789516800,2026-09-16T00:00:00Z,1465204,USD/day,all activity captured by mapped DefiLlama adapter
pump.fun,fees,1789603200,2026-09-17T00:00:00Z,1646052,USD/day,all activity captured by mapped DefiLlama adapter
pump.fun,fees,1789689600,2026-09-18T00:00:00Z,1666140,USD/day,all activity captured by mapped DefiLlama adapter
pump.fun,fees,1789776000,2026-09-19T00:00:00Z,1475148,USD/day,all activity captured by mapped DefiLlama adapter
pump.fun,fees,1789862400,2026-09-20T00:00:00Z,1437832,USD/day,all activity captured by mapped DefiLlama adapter
pump.fun,fees,1789948800,2026-09-21T00:00:00Z,1729657,USD/day,all activity captured by mapped DefiLlama adapter
pump.fun,fees,1790035200,2026-09-22T00:00:00Z,1746896,USD/day,all activity captured by mapped DefiLlama adapter
pump.fun,fees,1790121600,2026-09-23T00:00:00Z,1585924,USD/day,all activity captured by mapped DefiLlama adapter
pump.fun,fees,1790208000,2026-09-24T00:00:00Z,1650379,USD/day,all activity captured by mapped DefiLlama adapter
pump.fun,fees,1790294400,2026-09-25T00:00:00Z,1724583,USD/day,all activity captured by mapped DefiLlama adapter
stonkfun,fees,1787788800,2026-08-27T00:00:00Z,50075,USD/day,all activity captured by mapped DefiLlama adapter
stonkfun,fees,1787875200,2026-08-28T00:00:00Z,19736,USD/day,all activity captured by mapped DefiLlama adapter
stonkfun,fees,1787961600,2026-08-29T00:00:00Z,43842,USD/day,all activity captured by mapped DefiLlama adapter
stonkfun,fees,1788048000,2026-08-30T00:00:00Z,32014,USD/day,all activity captured by mapped DefiLlama adapter
stonkfun,fees,1788134400,2026-08-31T00:00:00Z,53435,USD/day,all activity captured by mapped DefiLlama adapter
stonkfun,fees,1788220800,2026-09-01T00:00:00Z,52054,USD/day,all activity captured by mapped DefiLlama adapter
stonkfun,fees,1788307200,2026-09-02T00:00:00Z,46738,USD/day,all activity captured by mapped DefiLlama adapter
stonkfun,fees,1788393600,2026-09-03T00:00:00Z,65630,USD/day,all activity captured by mapped DefiLlama adapter
stonkfun,fees,1788480000,2026-09-04T00:00:00Z,77271,USD/day,all activity captured by mapped DefiLlama adapter
stonkfun,fees,1788566400,2026-09-05T00:00:00Z,199477,USD/day,all activity captured by mapped DefiLlama adapter
stonkfun,fees,1788652800,2026-09-06T00:00:00Z,1507854,USD/day,all activity captured by mapped DefiLlama adapter
stonkfun,fees,1788739200,2026-09-07T00:00:00Z,922560,USD/day,all activity captured by mapped DefiLlama adapter
stonkfun,fees,1788825600,2026-09-08T00:00:00Z,1109821,USD/day,all activity captured by mapped DefiLlama adapter
stonkfun,fees,1788912000,2026-09-09T00:00:00Z,1354004,USD/day,all activity captured by mapped DefiLlama adapter
stonkfun,fees,1788998400,2026-09-10T00:00:00Z,820007,USD/day,all activity captured by mapped DefiLlama adapter
stonkfun,fees,1789084800,2026-09-11T00:00:00Z,2304391,USD/day,all activity captured by mapped DefiLlama adapter
stonkfun,fees,1789171200,2026-09-12T00:00:00Z,930336,USD/day,all activity captured by mapped DefiLlama adapter
stonkfun,fees,1789257600,2026-09-13T00:00:00Z,868294,USD/day,all activity captured by mapped DefiLlama adapter
stonkfun,fees,1789344000,2026-09-14T00:00:00Z,833301,USD/day,all activity captured by mapped DefiLlama adapter
stonkfun,fees,1789430400,2026-09-15T00:00:00Z,572457,USD/day,all activity captured by mapped DefiLlama adapter
stonkfun,fees,1789516800,2026-09-16T00:00:00Z,657435,USD/day,all activity captured by mapped DefiLlama adapter
stonkfun,fees,1789603200,2026-09-17T00:00:00Z,1034248,USD/day,all activity captured by mapped DefiLlama adapter
stonkfun,fees,1789689600,2026-09-18T00:00:00Z,1149922,USD/day,all activity captured by mapped DefiLlama adapter
stonkfun,fees,1789776000,2026-09-19T00:00:00Z,1133606,USD/day,all activity captured by mapped DefiLlama adapter
stonkfun,fees,1789862400,2026-09-20T00:00:00Z,1075748,USD/day,all activity captured by mapped DefiLlama adapter
stonkfun,fees,1789948800,2026-09-21T00:00:00Z,1805732,USD/day,all activity captured by mapped DefiLlama adapter
stonkfun,fees,1790035200,2026-09-22T00:00:00Z,1579549,USD/day,all activity captured by mapped DefiLlama adapter
stonkfun,fees,1790121600,2026-09-23T00:00:00Z,1372211,USD/day,all activity captured by mapped DefiLlama adapter
stonkfun,fees,1790208000,2026-09-24T00:00:00Z,1192833,USD/day,all activity captured by mapped DefiLlama adapter
stonkfun,fees,1790294400,2026-09-25T00:00:00Z,779116,USD/day,all activity captured by mapped DefiLlama adapter
pons,fees,1787788800,2026-08-27T00:00:00Z,2089382,USD/day,Pons V2 ONLY; Pons V1 separately retained in provider-financials.json
pons,fees,1787875200,2026-08-28T00:00:00Z,1773176,USD/day,Pons V2 ONLY; Pons V1 separately retained in provider-financials.json
pons,fees,1787961600,2026-08-29T00:00:00Z,3460512,USD/day,Pons V2 ONLY; Pons V1 separately retained in provider-financials.json
pons,fees,1788048000,2026-08-30T00:00:00Z,4704070,USD/day,Pons V2 ONLY; Pons V1 separately retained in provider-financials.json
pons,fees,1788134400,2026-08-31T00:00:00Z,4382354,USD/day,Pons V2 ONLY; Pons V1 separately retained in provider-financials.json
pons,fees,1788220800,2026-09-01T00:00:00Z,4221588,USD/day,Pons V2 ONLY; Pons V1 separately retained in provider-financials.json
pons,fees,1788307200,2026-09-02T00:00:00Z,5702128,USD/day,Pons V2 ONLY; Pons V1 separately retained in provider-financials.json
pons,fees,1788393600,2026-09-03T00:00:00Z,6085253,USD/day,Pons V2 ONLY; Pons V1 separately retained in provider-financials.json
pons,fees,1788480000,2026-09-04T00:00:00Z,8750574,USD/day,Pons V2 ONLY; Pons V1 separately retained in provider-financials.json
pons,fees,1788566400,2026-09-05T00:00:00Z,11055150,USD/day,Pons V2 ONLY; Pons V1 separately retained in provider-financials.json
pons,fees,1788652800,2026-09-06T00:00:00Z,8383839,USD/day,Pons V2 ONLY; Pons V1 separately retained in provider-financials.json
pons,fees,1788739200,2026-09-07T00:00:00Z,8293062,USD/day,Pons V2 ONLY; Pons V1 separately retained in provider-financials.json
pons,fees,1788825600,2026-09-08T00:00:00Z,8448498,USD/day,Pons V2 ONLY; Pons V1 separately retained in provider-financials.json
pons,fees,1788912000,2026-09-09T00:00:00Z,6343978,USD/day,Pons V2 ONLY; Pons V1 separately retained in provider-financials.json
pons,fees,1788998400,2026-09-10T00:00:00Z,5633614,USD/day,Pons V2 ONLY; Pons V1 separately retained in provider-financials.json
pons,fees,1789084800,2026-09-11T00:00:00Z,6201885,USD/day,Pons V2 ONLY; Pons V1 separately retained in provider-financials.json
pons,fees,1789171200,2026-09-12T00:00:00Z,5683856,USD/day,Pons V2 ONLY; Pons V1 separately retained in provider-financials.json
pons,fees,1789257600,2026-09-13T00:00:00Z,6134920,USD/day,Pons V2 ONLY; Pons V1 separately retained in provider-financials.json
pons,fees,1789344000,2026-09-14T00:00:00Z,5186788,USD/day,Pons V2 ONLY; Pons V1 separately retained in provider-financials.json
pons,fees,1789430400,2026-09-15T00:00:00Z,3989586,USD/day,Pons V2 ONLY; Pons V1 separately retained in provider-financials.json
pons,fees,1789516800,2026-09-16T00:00:00Z,2407712,USD/day,Pons V2 ONLY; Pons V1 separately retained in provider-financials.json
pons,fees,1789603200,2026-09-17T00:00:00Z,2946980,USD/day,Pons V2 ONLY; Pons V1 separately retained in provider-financials.json
pons,fees,1789689600,2026-09-18T00:00:00Z,2860867,USD/day,Pons V2 ONLY; Pons V1 separately retained in provider-financials.json
pons,fees,1789776000,2026-09-19T00:00:00Z,3021961,USD/day,Pons V2 ONLY; Pons V1 separately retained in provider-financials.json
pons,fees,1789862400,2026-09-20T00:00:00Z,1979205,USD/day,Pons V2 ONLY; Pons V1 separately retained in provider-financials.json
pons,fees,1789948800,2026-09-21T00:00:00Z,3266507,USD/day,Pons V2 ONLY; Pons V1 separately retained in provider-financials.json
pons,fees,1790035200,2026-09-22T00:00:00Z,2496137,USD/day,Pons V2 ONLY; Pons V1 separately retained in provider-financials.json
pons,fees,1790121600,2026-09-23T00:00:00Z,2376683,USD/day,Pons V2 ONLY; Pons V1 separately retained in provider-financials.json
pons,fees,1790208000,2026-09-24T00:00:00Z,1772253,USD/day,Pons V2 ONLY; Pons V1 separately retained in provider-financials.json
pons,fees,1790294400,2026-09-25T00:00:00Z,1528158,USD/day,Pons V2 ONLY; Pons V1 separately retained in provider-financials.json
flap-sh,fees,1787788800,2026-08-27T00:00:00Z,461725,USD/day,all activity captured by mapped DefiLlama adapter
flap-sh,fees,1787875200,2026-08-28T00:00:00Z,386667,USD/day,all activity captured by mapped DefiLlama adapter
flap-sh,fees,1787961600,2026-08-29T00:00:00Z,324643,USD/day,all activity captured by mapped DefiLlama adapter
flap-sh,fees,1788048000,2026-08-30T00:00:00Z,301046,USD/day,all activity captured by mapped DefiLlama adapter
flap-sh,fees,1788134400,2026-08-31T00:00:00Z,1221202,USD/day,all activity captured by mapped DefiLlama adapter
flap-sh,fees,1788220800,2026-09-01T00:00:00Z,1698790,USD/day,all activity captured by mapped DefiLlama adapter
flap-sh,fees,1788307200,2026-09-02T00:00:00Z,1490592,USD/day,all activity captured by mapped DefiLlama adapter
flap-sh,fees,1788393600,2026-09-03T00:00:00Z,1803034,USD/day,all activity captured by mapped DefiLlama adapter
flap-sh,fees,1788480000,2026-09-04T00:00:00Z,2124757,USD/day,all activity captured by mapped DefiLlama adapter
flap-sh,fees,1788566400,2026-09-05T00:00:00Z,2884424,USD/day,all activity captured by mapped DefiLlama adapter
flap-sh,fees,1788652800,2026-09-06T00:00:00Z,2181278,USD/day,all activity captured by mapped DefiLlama adapter
flap-sh,fees,1788739200,2026-09-07T00:00:00Z,2403209,USD/day,all activity captured by mapped DefiLlama adapter
flap-sh,fees,1788825600,2026-09-08T00:00:00Z,1819283,USD/day,all activity captured by mapped DefiLlama adapter
flap-sh,fees,1788912000,2026-09-09T00:00:00Z,1767864,USD/day,all activity captured by mapped DefiLlama adapter
flap-sh,fees,1788998400,2026-09-10T00:00:00Z,1384635,USD/day,all activity captured by mapped DefiLlama adapter
flap-sh,fees,1789084800,2026-09-11T00:00:00Z,1159295,USD/day,all activity captured by mapped DefiLlama adapter
flap-sh,fees,1789171200,2026-09-12T00:00:00Z,939523,USD/day,all activity captured by mapped DefiLlama adapter
flap-sh,fees,1789257600,2026-09-13T00:00:00Z,760824,USD/day,all activity captured by mapped DefiLlama adapter
flap-sh,fees,1789344000,2026-09-14T00:00:00Z,1057121,USD/day,all activity captured by mapped DefiLlama adapter
flap-sh,fees,1789430400,2026-09-15T00:00:00Z,1488946,USD/day,all activity captured by mapped DefiLlama adapter
flap-sh,fees,1789516800,2026-09-16T00:00:00Z,988049,USD/day,all activity captured by mapped DefiLlama adapter
flap-sh,fees,1789603200,2026-09-17T00:00:00Z,979664,USD/day,all activity captured by mapped DefiLlama adapter
flap-sh,fees,1789689600,2026-09-18T00:00:00Z,1117062,USD/day,all activity captured by mapped DefiLlama adapter
flap-sh,fees,1789776000,2026-09-19T00:00:00Z,994754,USD/day,all activity captured by mapped DefiLlama adapter
flap-sh,fees,1789862400,2026-09-20T00:00:00Z,1289064,USD/day,all activity captured by mapped DefiLlama adapter
flap-sh,fees,1789948800,2026-09-21T00:00:00Z,1316509,USD/day,all activity captured by mapped DefiLlama adapter
flap-sh,fees,1790035200,2026-09-22T00:00:00Z,1251075,USD/day,all activity captured by mapped DefiLlama adapter
flap-sh,fees,1790121600,2026-09-23T00:00:00Z,1035568,USD/day,all activity captured by mapped DefiLlama adapter
flap-sh,fees,1790208000,2026-09-24T00:00:00Z,1006049,USD/day,all activity captured by mapped DefiLlama adapter
flap-sh,fees,1790294400,2026-09-25T00:00:00Z,727148,USD/day,all activity captured by mapped DefiLlama adapter
launchlab,fees,1787788800,2026-08-27T00:00:00Z,1555,USD/day,all activity captured by mapped DefiLlama adapter
launchlab,fees,1787875200,2026-08-28T00:00:00Z,1181,USD/day,all activity captured by mapped DefiLlama adapter
launchlab,fees,1787961600,2026-08-29T00:00:00Z,713,USD/day,all activity captured by mapped DefiLlama adapter
launchlab,fees,1788048000,2026-08-30T00:00:00Z,793,USD/day,all activity captured by mapped DefiLlama adapter
launchlab,fees,1788134400,2026-08-31T00:00:00Z,1790,USD/day,all activity captured by mapped DefiLlama adapter
launchlab,fees,1788220800,2026-09-01T00:00:00Z,984,USD/day,all activity captured by mapped DefiLlama adapter
launchlab,fees,1788307200,2026-09-02T00:00:00Z,707,USD/day,all activity captured by mapped DefiLlama adapter
launchlab,fees,1788393600,2026-09-03T00:00:00Z,673,USD/day,all activity captured by mapped DefiLlama adapter
launchlab,fees,1788480000,2026-09-04T00:00:00Z,616,USD/day,all activity captured by mapped DefiLlama adapter
launchlab,fees,1788566400,2026-09-05T00:00:00Z,4921,USD/day,all activity captured by mapped DefiLlama adapter
launchlab,fees,1788652800,2026-09-06T00:00:00Z,64248,USD/day,all activity captured by mapped DefiLlama adapter
launchlab,fees,1788739200,2026-09-07T00:00:00Z,53618,USD/day,all activity captured by mapped DefiLlama adapter
launchlab,fees,1788825600,2026-09-08T00:00:00Z,56314,USD/day,all activity captured by mapped DefiLlama adapter
launchlab,fees,1788912000,2026-09-09T00:00:00Z,338004,USD/day,all activity captured by mapped DefiLlama adapter
launchlab,fees,1788998400,2026-09-10T00:00:00Z,368891,USD/day,all activity captured by mapped DefiLlama adapter
launchlab,fees,1789084800,2026-09-11T00:00:00Z,494313,USD/day,all activity captured by mapped DefiLlama adapter
launchlab,fees,1789171200,2026-09-12T00:00:00Z,328399,USD/day,all activity captured by mapped DefiLlama adapter
launchlab,fees,1789257600,2026-09-13T00:00:00Z,249993,USD/day,all activity captured by mapped DefiLlama adapter
launchlab,fees,1789344000,2026-09-14T00:00:00Z,282989,USD/day,all activity captured by mapped DefiLlama adapter
launchlab,fees,1789430400,2026-09-15T00:00:00Z,196192,USD/day,all activity captured by mapped DefiLlama adapter
launchlab,fees,1789516800,2026-09-16T00:00:00Z,201608,USD/day,all activity captured by mapped DefiLlama adapter
launchlab,fees,1789603200,2026-09-17T00:00:00Z,355678,USD/day,all activity captured by mapped DefiLlama adapter
launchlab,fees,1789689600,2026-09-18T00:00:00Z,592466,USD/day,all activity captured by mapped DefiLlama adapter
launchlab,fees,1789776000,2026-09-19T00:00:00Z,521922,USD/day,all activity captured by mapped DefiLlama adapter
launchlab,fees,1789862400,2026-09-20T00:00:00Z,521932,USD/day,all activity captured by mapped DefiLlama adapter
launchlab,fees,1789948800,2026-09-21T00:00:00Z,833205,USD/day,all activity captured by mapped DefiLlama adapter
launchlab,fees,1790035200,2026-09-22T00:00:00Z,764559,USD/day,all activity captured by mapped DefiLlama adapter
launchlab,fees,1790121600,2026-09-23T00:00:00Z,644869,USD/day,all activity captured by mapped DefiLlama adapter
launchlab,fees,1790208000,2026-09-24T00:00:00Z,656412,USD/day,all activity captured by mapped DefiLlama adapter
launchlab,fees,1790294400,2026-09-25T00:00:00Z,573684,USD/day,all activity captured by mapped DefiLlama adapter
bonk.fun,fees,1787788800,2026-08-27T00:00:00Z,7665,USD/day,all activity captured by mapped DefiLlama adapter
bonk.fun,fees,1787875200,2026-08-28T00:00:00Z,6196,USD/day,all activity captured by mapped DefiLlama adapter
bonk.fun,fees,1787961600,2026-08-29T00:00:00Z,3083,USD/day,all activity captured by mapped DefiLlama adapter
bonk.fun,fees,1788048000,2026-08-30T00:00:00Z,4395,USD/day,all activity captured by mapped DefiLlama adapter
bonk.fun,fees,1788134400,2026-08-31T00:00:00Z,9142,USD/day,all activity captured by mapped DefiLlama adapter
bonk.fun,fees,1788220800,2026-09-01T00:00:00Z,6448,USD/day,all activity captured by mapped DefiLlama adapter
bonk.fun,fees,1788307200,2026-09-02T00:00:00Z,2687,USD/day,all activity captured by mapped DefiLlama adapter
bonk.fun,fees,1788393600,2026-09-03T00:00:00Z,3351,USD/day,all activity captured by mapped DefiLlama adapter
bonk.fun,fees,1788480000,2026-09-04T00:00:00Z,2947,USD/day,all activity captured by mapped DefiLlama adapter
bonk.fun,fees,1788566400,2026-09-05T00:00:00Z,19627,USD/day,all activity captured by mapped DefiLlama adapter
bonk.fun,fees,1788652800,2026-09-06T00:00:00Z,249167,USD/day,all activity captured by mapped DefiLlama adapter
bonk.fun,fees,1788739200,2026-09-07T00:00:00Z,220633,USD/day,all activity captured by mapped DefiLlama adapter
bonk.fun,fees,1788825600,2026-09-08T00:00:00Z,228615,USD/day,all activity captured by mapped DefiLlama adapter
bonk.fun,fees,1788912000,2026-09-09T00:00:00Z,242697,USD/day,all activity captured by mapped DefiLlama adapter
bonk.fun,fees,1788998400,2026-09-10T00:00:00Z,292934,USD/day,all activity captured by mapped DefiLlama adapter
bonk.fun,fees,1789084800,2026-09-11T00:00:00Z,398153,USD/day,all activity captured by mapped DefiLlama adapter
bonk.fun,fees,1789171200,2026-09-12T00:00:00Z,259081,USD/day,all activity captured by mapped DefiLlama adapter
bonk.fun,fees,1789257600,2026-09-13T00:00:00Z,203154,USD/day,all activity captured by mapped DefiLlama adapter
bonk.fun,fees,1789344000,2026-09-14T00:00:00Z,220965,USD/day,all activity captured by mapped DefiLlama adapter
bonk.fun,fees,1789430400,2026-09-15T00:00:00Z,169399,USD/day,all activity captured by mapped DefiLlama adapter
bonk.fun,fees,1789516800,2026-09-16T00:00:00Z,137955,USD/day,all activity captured by mapped DefiLlama adapter
bonk.fun,fees,1789603200,2026-09-17T00:00:00Z,281005,USD/day,all activity captured by mapped DefiLlama adapter
bonk.fun,fees,1789689600,2026-09-18T00:00:00Z,470542,USD/day,all activity captured by mapped DefiLlama adapter
bonk.fun,fees,1789776000,2026-09-19T00:00:00Z,422458,USD/day,all activity captured by mapped DefiLlama adapter
bonk.fun,fees,1789862400,2026-09-20T00:00:00Z,414294,USD/day,all activity captured by mapped DefiLlama adapter
bonk.fun,fees,1789948800,2026-09-21T00:00:00Z,671485,USD/day,all activity captured by mapped DefiLlama adapter
bonk.fun,fees,1790035200,2026-09-22T00:00:00Z,613380,USD/day,all activity captured by mapped DefiLlama adapter
bonk.fun,fees,1790121600,2026-09-23T00:00:00Z,532034,USD/day,all activity captured by mapped DefiLlama adapter
bonk.fun,fees,1790208000,2026-09-24T00:00:00Z,526896,USD/day,all activity captured by mapped DefiLlama adapter
bonk.fun,fees,1790294400,2026-09-25T00:00:00Z,455204,USD/day,all activity captured by mapped DefiLlama adapter
graphite-protocol,fees,1787788800,2026-08-27T00:00:00Z,2841,USD/day,all activity captured by mapped DefiLlama adapter
graphite-protocol,fees,1787875200,2026-08-28T00:00:00Z,2342,USD/day,all activity captured by mapped DefiLlama adapter
graphite-protocol,fees,1787961600,2026-08-29T00:00:00Z,1103,USD/day,all activity captured by mapped DefiLlama adapter
graphite-protocol,fees,1788048000,2026-08-30T00:00:00Z,1291,USD/day,all activity captured by mapped DefiLlama adapter
graphite-protocol,fees,1788134400,2026-08-31T00:00:00Z,3504,USD/day,all activity captured by mapped DefiLlama adapter
graphite-protocol,fees,1788220800,2026-09-01T00:00:00Z,1700,USD/day,all activity captured by mapped DefiLlama adapter
graphite-protocol,fees,1788307200,2026-09-02T00:00:00Z,836,USD/day,all activity captured by mapped DefiLlama adapter
graphite-protocol,fees,1788393600,2026-09-03T00:00:00Z,1060,USD/day,all activity captured by mapped DefiLlama adapter
graphite-protocol,fees,1788480000,2026-09-04T00:00:00Z,1066,USD/day,all activity captured by mapped DefiLlama adapter
graphite-protocol,fees,1788566400,2026-09-05T00:00:00Z,7642,USD/day,all activity captured by mapped DefiLlama adapter
graphite-protocol,fees,1788652800,2026-09-06T00:00:00Z,98716,USD/day,all activity captured by mapped DefiLlama adapter
graphite-protocol,fees,1788739200,2026-09-07T00:00:00Z,87017,USD/day,all activity captured by mapped DefiLlama adapter
graphite-protocol,fees,1788825600,2026-09-08T00:00:00Z,90576,USD/day,all activity captured by mapped DefiLlama adapter
graphite-protocol,fees,1788912000,2026-09-09T00:00:00Z,96375,USD/day,all activity captured by mapped DefiLlama adapter
graphite-protocol,fees,1788998400,2026-09-10T00:00:00Z,116065,USD/day,all activity captured by mapped DefiLlama adapter
graphite-protocol,fees,1789084800,2026-09-11T00:00:00Z,158404,USD/day,all activity captured by mapped DefiLlama adapter
graphite-protocol,fees,1789171200,2026-09-12T00:00:00Z,102707,USD/day,all activity captured by mapped DefiLlama adapter
graphite-protocol,fees,1789257600,2026-09-13T00:00:00Z,81956,USD/day,all activity captured by mapped DefiLlama adapter
graphite-protocol,fees,1789344000,2026-09-14T00:00:00Z,90293,USD/day,all activity captured by mapped DefiLlama adapter
graphite-protocol,fees,1789430400,2026-09-15T00:00:00Z,66010,USD/day,all activity captured by mapped DefiLlama adapter
graphite-protocol,fees,1789516800,2026-09-16T00:00:00Z,62220,USD/day,all activity captured by mapped DefiLlama adapter
graphite-protocol,fees,1789603200,2026-09-17T00:00:00Z,111045,USD/day,all activity captured by mapped DefiLlama adapter
graphite-protocol,fees,1789689600,2026-09-18T00:00:00Z,184513,USD/day,all activity captured by mapped DefiLlama adapter
graphite-protocol,fees,1789776000,2026-09-19T00:00:00Z,167946,USD/day,all activity captured by mapped DefiLlama adapter
graphite-protocol,fees,1789862400,2026-09-20T00:00:00Z,164812,USD/day,all activity captured by mapped DefiLlama adapter
graphite-protocol,fees,1789948800,2026-09-21T00:00:00Z,267105,USD/day,all activity captured by mapped DefiLlama adapter
graphite-protocol,fees,1790035200,2026-09-22T00:00:00Z,244177,USD/day,all activity captured by mapped DefiLlama adapter
graphite-protocol,fees,1790121600,2026-09-23T00:00:00Z,211262,USD/day,all activity captured by mapped DefiLlama adapter
graphite-protocol,fees,1790208000,2026-09-24T00:00:00Z,206985,USD/day,all activity captured by mapped DefiLlama adapter
graphite-protocol,fees,1790294400,2026-09-25T00:00:00Z,179157,USD/day,all activity captured by mapped DefiLlama adapter
genius.fun,fees,1787788800,2026-08-27T00:00:00Z,,USD/day,all activity captured by mapped DefiLlama adapter
genius.fun,fees,1787875200,2026-08-28T00:00:00Z,,USD/day,all activity captured by mapped DefiLlama adapter
genius.fun,fees,1787961600,2026-08-29T00:00:00Z,,USD/day,all activity captured by mapped DefiLlama adapter
genius.fun,fees,1788048000,2026-08-30T00:00:00Z,,USD/day,all activity captured by mapped DefiLlama adapter
genius.fun,fees,1788134400,2026-08-31T00:00:00Z,,USD/day,all activity captured by mapped DefiLlama adapter
genius.fun,fees,1788220800,2026-09-01T00:00:00Z,,USD/day,all activity captured by mapped DefiLlama adapter
genius.fun,fees,1788307200,2026-09-02T00:00:00Z,,USD/day,all activity captured by mapped DefiLlama adapter
genius.fun,fees,1788393600,2026-09-03T00:00:00Z,,USD/day,all activity captured by mapped DefiLlama adapter
genius.fun,fees,1788480000,2026-09-04T00:00:00Z,,USD/day,all activity captured by mapped DefiLlama adapter
genius.fun,fees,1788566400,2026-09-05T00:00:00Z,,USD/day,all activity captured by mapped DefiLlama adapter
genius.fun,fees,1788652800,2026-09-06T00:00:00Z,,USD/day,all activity captured by mapped DefiLlama adapter
genius.fun,fees,1788739200,2026-09-07T00:00:00Z,,USD/day,all activity captured by mapped DefiLlama adapter
genius.fun,fees,1788825600,2026-09-08T00:00:00Z,,USD/day,all activity captured by mapped DefiLlama adapter
genius.fun,fees,1788912000,2026-09-09T00:00:00Z,,USD/day,all activity captured by mapped DefiLlama adapter
genius.fun,fees,1788998400,2026-09-10T00:00:00Z,,USD/day,all activity captured by mapped DefiLlama adapter
genius.fun,fees,1789084800,2026-09-11T00:00:00Z,,USD/day,all activity captured by mapped DefiLlama adapter
genius.fun,fees,1789171200,2026-09-12T00:00:00Z,,USD/day,all activity captured by mapped DefiLlama adapter
genius.fun,fees,1789257600,2026-09-13T00:00:00Z,,USD/day,all activity captured by mapped DefiLlama adapter
genius.fun,fees,1789344000,2026-09-14T00:00:00Z,,USD/day,all activity captured by mapped DefiLlama adapter
genius.fun,fees,1789430400,2026-09-15T00:00:00Z,,USD/day,all activity captured by mapped DefiLlama adapter
genius.fun,fees,1789516800,2026-09-16T00:00:00Z,,USD/day,all activity captured by mapped DefiLlama adapter
genius.fun,fees,1789603200,2026-09-17T00:00:00Z,933627,USD/day,all activity captured by mapped DefiLlama adapter
genius.fun,fees,1789689600,2026-09-18T00:00:00Z,1030875,USD/day,all activity captured by mapped DefiLlama adapter
genius.fun,fees,1789776000,2026-09-19T00:00:00Z,163522,USD/day,all activity captured by mapped DefiLlama adapter
genius.fun,fees,1789862400,2026-09-20T00:00:00Z,476205,USD/day,all activity captured by mapped DefiLlama adapter
genius.fun,fees,1789948800,2026-09-21T00:00:00Z,402731,USD/day,all activity captured by mapped DefiLlama adapter
genius.fun,fees,1790035200,2026-09-22T00:00:00Z,140942,USD/day,all activity captured by mapped DefiLlama adapter
genius.fun,fees,1790121600,2026-09-23T00:00:00Z,77704,USD/day,all activity captured by mapped DefiLlama adapter
genius.fun,fees,1790208000,2026-09-24T00:00:00Z,57490,USD/day,all activity captured by mapped DefiLlama adapter
genius.fun,fees,1790294400,2026-09-25T00:00:00Z,45121,USD/day,all activity captured by mapped DefiLlama adapter
argus-world,fees,1787788800,2026-08-27T00:00:00Z,,USD/day,all activity captured by mapped DefiLlama adapter
argus-world,fees,1787875200,2026-08-28T00:00:00Z,,USD/day,all activity captured by mapped DefiLlama adapter
argus-world,fees,1787961600,2026-08-29T00:00:00Z,,USD/day,all activity captured by mapped DefiLlama adapter
argus-world,fees,1788048000,2026-08-30T00:00:00Z,,USD/day,all activity captured by mapped DefiLlama adapter
argus-world,fees,1788134400,2026-08-31T00:00:00Z,,USD/day,all activity captured by mapped DefiLlama adapter
argus-world,fees,1788220800,2026-09-01T00:00:00Z,,USD/day,all activity captured by mapped DefiLlama adapter
argus-world,fees,1788307200,2026-09-02T00:00:00Z,,USD/day,all activity captured by mapped DefiLlama adapter
argus-world,fees,1788393600,2026-09-03T00:00:00Z,,USD/day,all activity captured by mapped DefiLlama adapter
argus-world,fees,1788480000,2026-09-04T00:00:00Z,,USD/day,all activity captured by mapped DefiLlama adapter
argus-world,fees,1788566400,2026-09-05T00:00:00Z,,USD/day,all activity captured by mapped DefiLlama adapter
argus-world,fees,1788652800,2026-09-06T00:00:00Z,,USD/day,all activity captured by mapped DefiLlama adapter
argus-world,fees,1788739200,2026-09-07T00:00:00Z,,USD/day,all activity captured by mapped DefiLlama adapter
argus-world,fees,1788825600,2026-09-08T00:00:00Z,793,USD/day,all activity captured by mapped DefiLlama adapter
argus-world,fees,1788912000,2026-09-09T00:00:00Z,238,USD/day,all activity captured by mapped DefiLlama adapter
argus-world,fees,1788998400,2026-09-10T00:00:00Z,78.88,USD/day,all activity captured by mapped DefiLlama adapter
argus-world,fees,1789084800,2026-09-11T00:00:00Z,2316,USD/day,all activity captured by mapped DefiLlama adapter
argus-world,fees,1789171200,2026-09-12T00:00:00Z,2221,USD/day,all activity captured by mapped DefiLlama adapter
argus-world,fees,1789257600,2026-09-13T00:00:00Z,4141,USD/day,all activity captured by mapped DefiLlama adapter
argus-world,fees,1789344000,2026-09-14T00:00:00Z,2591,USD/day,all activity captured by mapped DefiLlama adapter
argus-world,fees,1789430400,2026-09-15T00:00:00Z,60309,USD/day,all activity captured by mapped DefiLlama adapter
argus-world,fees,1789516800,2026-09-16T00:00:00Z,2330129,USD/day,all activity captured by mapped DefiLlama adapter
argus-world,fees,1789603200,2026-09-17T00:00:00Z,370079,USD/day,all activity captured by mapped DefiLlama adapter
argus-world,fees,1789689600,2026-09-18T00:00:00Z,176721,USD/day,all activity captured by mapped DefiLlama adapter
argus-world,fees,1789776000,2026-09-19T00:00:00Z,131969,USD/day,all activity captured by mapped DefiLlama adapter
argus-world,fees,1789862400,2026-09-20T00:00:00Z,90215,USD/day,all activity captured by mapped DefiLlama adapter
argus-world,fees,1789948800,2026-09-21T00:00:00Z,89442,USD/day,all activity captured by mapped DefiLlama adapter
argus-world,fees,1790035200,2026-09-22T00:00:00Z,85195,USD/day,all activity captured by mapped DefiLlama adapter
argus-world,fees,1790121600,2026-09-23T00:00:00Z,88475,USD/day,all activity captured by mapped DefiLlama adapter
argus-world,fees,1790208000,2026-09-24T00:00:00Z,94014,USD/day,all activity captured by mapped DefiLlama adapter
argus-world,fees,1790294400,2026-09-25T00:00:00Z,148380,USD/day,all activity captured by mapped DefiLlama adapter
meteora-dbc,fees,1787788800,2026-08-27T00:00:00Z,34935,USD/day,all activity captured by mapped DefiLlama adapter
meteora-dbc,fees,1787875200,2026-08-28T00:00:00Z,22130,USD/day,all activity captured by mapped DefiLlama adapter
meteora-dbc,fees,1787961600,2026-08-29T00:00:00Z,24840,USD/day,all activity captured by mapped DefiLlama adapter
meteora-dbc,fees,1788048000,2026-08-30T00:00:00Z,16204,USD/day,all activity captured by mapped DefiLlama adapter
meteora-dbc,fees,1788134400,2026-08-31T00:00:00Z,22569,USD/day,all activity captured by mapped DefiLlama adapter
meteora-dbc,fees,1788220800,2026-09-01T00:00:00Z,15658,USD/day,all activity captured by mapped DefiLlama adapter
meteora-dbc,fees,1788307200,2026-09-02T00:00:00Z,18709,USD/day,all activity captured by mapped DefiLlama adapter
meteora-dbc,fees,1788393600,2026-09-03T00:00:00Z,19993,USD/day,all activity captured by mapped DefiLlama adapter
meteora-dbc,fees,1788480000,2026-09-04T00:00:00Z,23027,USD/day,all activity captured by mapped DefiLlama adapter
meteora-dbc,fees,1788566400,2026-09-05T00:00:00Z,18693,USD/day,all activity captured by mapped DefiLlama adapter
meteora-dbc,fees,1788652800,2026-09-06T00:00:00Z,18725,USD/day,all activity captured by mapped DefiLlama adapter
meteora-dbc,fees,1788739200,2026-09-07T00:00:00Z,29796,USD/day,all activity captured by mapped DefiLlama adapter
meteora-dbc,fees,1788825600,2026-09-08T00:00:00Z,17052,USD/day,all activity captured by mapped DefiLlama adapter
meteora-dbc,fees,1788912000,2026-09-09T00:00:00Z,21038,USD/day,all activity captured by mapped DefiLlama adapter
meteora-dbc,fees,1788998400,2026-09-10T00:00:00Z,43980,USD/day,all activity captured by mapped DefiLlama adapter
meteora-dbc,fees,1789084800,2026-09-11T00:00:00Z,43230,USD/day,all activity captured by mapped DefiLlama adapter
meteora-dbc,fees,1789171200,2026-09-12T00:00:00Z,40636,USD/day,all activity captured by mapped DefiLlama adapter
meteora-dbc,fees,1789257600,2026-09-13T00:00:00Z,41632,USD/day,all activity captured by mapped DefiLlama adapter
meteora-dbc,fees,1789344000,2026-09-14T00:00:00Z,34125,USD/day,all activity captured by mapped DefiLlama adapter
meteora-dbc,fees,1789430400,2026-09-15T00:00:00Z,87198,USD/day,all activity captured by mapped DefiLlama adapter
meteora-dbc,fees,1789516800,2026-09-16T00:00:00Z,38340,USD/day,all activity captured by mapped DefiLlama adapter
meteora-dbc,fees,1789603200,2026-09-17T00:00:00Z,73491,USD/day,all activity captured by mapped DefiLlama adapter
meteora-dbc,fees,1789689600,2026-09-18T00:00:00Z,49044,USD/day,all activity captured by mapped DefiLlama adapter
meteora-dbc,fees,1789776000,2026-09-19T00:00:00Z,48199,USD/day,all activity captured by mapped DefiLlama adapter
meteora-dbc,fees,1789862400,2026-09-20T00:00:00Z,37720,USD/day,all activity captured by mapped DefiLlama adapter
meteora-dbc,fees,1789948800,2026-09-21T00:00:00Z,46444,USD/day,all activity captured by mapped DefiLlama adapter
meteora-dbc,fees,1790035200,2026-09-22T00:00:00Z,84121,USD/day,all activity captured by mapped DefiLlama adapter
meteora-dbc,fees,1790121600,2026-09-23T00:00:00Z,67728,USD/day,all activity captured by mapped DefiLlama adapter
meteora-dbc,fees,1790208000,2026-09-24T00:00:00Z,115781,USD/day,all activity captured by mapped DefiLlama adapter
meteora-dbc,fees,1790294400,2026-09-25T00:00:00Z,86816,USD/day,all activity captured by mapped DefiLlama adapter
binance-alpha,fees,1787788800,2026-08-27T00:00:00Z,72516,USD/day,all activity captured by mapped DefiLlama adapter
binance-alpha,fees,1787875200,2026-08-28T00:00:00Z,56100,USD/day,all activity captured by mapped DefiLlama adapter
binance-alpha,fees,1787961600,2026-08-29T00:00:00Z,31966,USD/day,all activity captured by mapped DefiLlama adapter
binance-alpha,fees,1788048000,2026-08-30T00:00:00Z,45236,USD/day,all activity captured by mapped DefiLlama adapter
binance-alpha,fees,1788134400,2026-08-31T00:00:00Z,49739,USD/day,all activity captured by mapped DefiLlama adapter
binance-alpha,fees,1788220800,2026-09-01T00:00:00Z,41773,USD/day,all activity captured by mapped DefiLlama adapter
binance-alpha,fees,1788307200,2026-09-02T00:00:00Z,30023,USD/day,all activity captured by mapped DefiLlama adapter
binance-alpha,fees,1788393600,2026-09-03T00:00:00Z,53901,USD/day,all activity captured by mapped DefiLlama adapter
binance-alpha,fees,1788480000,2026-09-04T00:00:00Z,84775,USD/day,all activity captured by mapped DefiLlama adapter
binance-alpha,fees,1788566400,2026-09-05T00:00:00Z,95419,USD/day,all activity captured by mapped DefiLlama adapter
binance-alpha,fees,1788652800,2026-09-06T00:00:00Z,159318,USD/day,all activity captured by mapped DefiLlama adapter
binance-alpha,fees,1788739200,2026-09-07T00:00:00Z,120466,USD/day,all activity captured by mapped DefiLlama adapter
binance-alpha,fees,1788825600,2026-09-08T00:00:00Z,267022,USD/day,all activity captured by mapped DefiLlama adapter
binance-alpha,fees,1788912000,2026-09-09T00:00:00Z,111594,USD/day,all activity captured by mapped DefiLlama adapter
binance-alpha,fees,1788998400,2026-09-10T00:00:00Z,85257,USD/day,all activity captured by mapped DefiLlama adapter
binance-alpha,fees,1789084800,2026-09-11T00:00:00Z,58879,USD/day,all activity captured by mapped DefiLlama adapter
binance-alpha,fees,1789171200,2026-09-12T00:00:00Z,39234,USD/day,all activity captured by mapped DefiLlama adapter
binance-alpha,fees,1789257600,2026-09-13T00:00:00Z,36051,USD/day,all activity captured by mapped DefiLlama adapter
binance-alpha,fees,1789344000,2026-09-14T00:00:00Z,55080,USD/day,all activity captured by mapped DefiLlama adapter
binance-alpha,fees,1789430400,2026-09-15T00:00:00Z,67428,USD/day,all activity captured by mapped DefiLlama adapter
binance-alpha,fees,1789516800,2026-09-16T00:00:00Z,59000,USD/day,all activity captured by mapped DefiLlama adapter
binance-alpha,fees,1789603200,2026-09-17T00:00:00Z,77234,USD/day,all activity captured by mapped DefiLlama adapter
binance-alpha,fees,1789689600,2026-09-18T00:00:00Z,65700,USD/day,all activity captured by mapped DefiLlama adapter
binance-alpha,fees,1789776000,2026-09-19T00:00:00Z,51790,USD/day,all activity captured by mapped DefiLlama adapter
binance-alpha,fees,1789862400,2026-09-20T00:00:00Z,74675,USD/day,all activity captured by mapped DefiLlama adapter
binance-alpha,fees,1789948800,2026-09-21T00:00:00Z,73150,USD/day,all activity captured by mapped DefiLlama adapter
binance-alpha,fees,1790035200,2026-09-22T00:00:00Z,58400,USD/day,all activity captured by mapped DefiLlama adapter
binance-alpha,fees,1790121600,2026-09-23T00:00:00Z,58857,USD/day,all activity captured by mapped DefiLlama adapter
binance-alpha,fees,1790208000,2026-09-24T00:00:00Z,48876,USD/day,all activity captured by mapped DefiLlama adapter
binance-alpha,fees,1790294400,2026-09-25T00:00:00Z,31557,USD/day,all activity captured by mapped DefiLlama adapter
o1-launchpad,fees,1787788800,2026-08-27T00:00:00Z,80964,USD/day,all activity captured by mapped DefiLlama adapter
o1-launchpad,fees,1787875200,2026-08-28T00:00:00Z,272018,USD/day,all activity captured by mapped DefiLlama adapter
o1-launchpad,fees,1787961600,2026-08-29T00:00:00Z,81231,USD/day,all activity captured by mapped DefiLlama adapter
o1-launchpad,fees,1788048000,2026-08-30T00:00:00Z,100991,USD/day,all activity captured by mapped DefiLlama adapter
o1-launchpad,fees,1788134400,2026-08-31T00:00:00Z,234072,USD/day,all activity captured by mapped DefiLlama adapter
o1-launchpad,fees,1788220800,2026-09-01T00:00:00Z,617977,USD/day,all activity captured by mapped DefiLlama adapter
o1-launchpad,fees,1788307200,2026-09-02T00:00:00Z,682568,USD/day,all activity captured by mapped DefiLlama adapter
o1-launchpad,fees,1788393600,2026-09-03T00:00:00Z,580187,USD/day,all activity captured by mapped DefiLlama adapter
o1-launchpad,fees,1788480000,2026-09-04T00:00:00Z,563950,USD/day,all activity captured by mapped DefiLlama adapter
o1-launchpad,fees,1788566400,2026-09-05T00:00:00Z,291130,USD/day,all activity captured by mapped DefiLlama adapter
o1-launchpad,fees,1788652800,2026-09-06T00:00:00Z,223857,USD/day,all activity captured by mapped DefiLlama adapter
o1-launchpad,fees,1788739200,2026-09-07T00:00:00Z,186803,USD/day,all activity captured by mapped DefiLlama adapter
o1-launchpad,fees,1788825600,2026-09-08T00:00:00Z,198150,USD/day,all activity captured by mapped DefiLlama adapter
o1-launchpad,fees,1788912000,2026-09-09T00:00:00Z,230144,USD/day,all activity captured by mapped DefiLlama adapter
o1-launchpad,fees,1788998400,2026-09-10T00:00:00Z,165159,USD/day,all activity captured by mapped DefiLlama adapter
o1-launchpad,fees,1789084800,2026-09-11T00:00:00Z,118255,USD/day,all activity captured by mapped DefiLlama adapter
o1-launchpad,fees,1789171200,2026-09-12T00:00:00Z,58377,USD/day,all activity captured by mapped DefiLlama adapter
o1-launchpad,fees,1789257600,2026-09-13T00:00:00Z,66247,USD/day,all activity captured by mapped DefiLlama adapter
o1-launchpad,fees,1789344000,2026-09-14T00:00:00Z,101845,USD/day,all activity captured by mapped DefiLlama adapter
o1-launchpad,fees,1789430400,2026-09-15T00:00:00Z,62154,USD/day,all activity captured by mapped DefiLlama adapter
o1-launchpad,fees,1789516800,2026-09-16T00:00:00Z,185770,USD/day,all activity captured by mapped DefiLlama adapter
o1-launchpad,fees,1789603200,2026-09-17T00:00:00Z,77013,USD/day,all activity captured by mapped DefiLlama adapter
o1-launchpad,fees,1789689600,2026-09-18T00:00:00Z,38529,USD/day,all activity captured by mapped DefiLlama adapter
o1-launchpad,fees,1789776000,2026-09-19T00:00:00Z,24052,USD/day,all activity captured by mapped DefiLlama adapter
o1-launchpad,fees,1789862400,2026-09-20T00:00:00Z,22776,USD/day,all activity captured by mapped DefiLlama adapter
o1-launchpad,fees,1789948800,2026-09-21T00:00:00Z,37582,USD/day,all activity captured by mapped DefiLlama adapter
o1-launchpad,fees,1790035200,2026-09-22T00:00:00Z,37669,USD/day,all activity captured by mapped DefiLlama adapter
o1-launchpad,fees,1790121600,2026-09-23T00:00:00Z,108599,USD/day,all activity captured by mapped DefiLlama adapter
o1-launchpad,fees,1790208000,2026-09-24T00:00:00Z,38376,USD/day,all activity captured by mapped DefiLlama adapter
o1-launchpad,fees,1790294400,2026-09-25T00:00:00Z,27492,USD/day,all activity captured by mapped DefiLlama adapter
clanker,fees,1787788800,2026-08-27T00:00:00Z,40838,USD/day,all activity captured by mapped DefiLlama adapter
clanker,fees,1787875200,2026-08-28T00:00:00Z,9137,USD/day,all activity captured by mapped DefiLlama adapter
clanker,fees,1787961600,2026-08-29T00:00:00Z,23494,USD/day,all activity captured by mapped DefiLlama adapter
clanker,fees,1788048000,2026-08-30T00:00:00Z,5327,USD/day,all activity captured by mapped DefiLlama adapter
clanker,fees,1788134400,2026-08-31T00:00:00Z,6640,USD/day,all activity captured by mapped DefiLlama adapter
clanker,fees,1788220800,2026-09-01T00:00:00Z,22959,USD/day,all activity captured by mapped DefiLlama adapter
clanker,fees,1788307200,2026-09-02T00:00:00Z,11186,USD/day,all activity captured by mapped DefiLlama adapter
clanker,fees,1788393600,2026-09-03T00:00:00Z,9210,USD/day,all activity captured by mapped DefiLlama adapter
clanker,fees,1788480000,2026-09-04T00:00:00Z,6463,USD/day,all activity captured by mapped DefiLlama adapter
clanker,fees,1788566400,2026-09-05T00:00:00Z,8965,USD/day,all activity captured by mapped DefiLlama adapter
clanker,fees,1788652800,2026-09-06T00:00:00Z,10563,USD/day,all activity captured by mapped DefiLlama adapter
clanker,fees,1788739200,2026-09-07T00:00:00Z,20424,USD/day,all activity captured by mapped DefiLlama adapter
clanker,fees,1788825600,2026-09-08T00:00:00Z,9882,USD/day,all activity captured by mapped DefiLlama adapter
clanker,fees,1788912000,2026-09-09T00:00:00Z,7841,USD/day,all activity captured by mapped DefiLlama adapter
clanker,fees,1788998400,2026-09-10T00:00:00Z,9336,USD/day,all activity captured by mapped DefiLlama adapter
clanker,fees,1789084800,2026-09-11T00:00:00Z,7360,USD/day,all activity captured by mapped DefiLlama adapter
clanker,fees,1789171200,2026-09-12T00:00:00Z,5619,USD/day,all activity captured by mapped DefiLlama adapter
clanker,fees,1789257600,2026-09-13T00:00:00Z,3573,USD/day,all activity captured by mapped DefiLlama adapter
clanker,fees,1789344000,2026-09-14T00:00:00Z,3360,USD/day,all activity captured by mapped DefiLlama adapter
clanker,fees,1789430400,2026-09-15T00:00:00Z,5705,USD/day,all activity captured by mapped DefiLlama adapter
clanker,fees,1789516800,2026-09-16T00:00:00Z,4045,USD/day,all activity captured by mapped DefiLlama adapter
clanker,fees,1789603200,2026-09-17T00:00:00Z,2940,USD/day,all activity captured by mapped DefiLlama adapter
clanker,fees,1789689600,2026-09-18T00:00:00Z,5490,USD/day,all activity captured by mapped DefiLlama adapter
clanker,fees,1789776000,2026-09-19T00:00:00Z,3366,USD/day,all activity captured by mapped DefiLlama adapter
clanker,fees,1789862400,2026-09-20T00:00:00Z,99394,USD/day,all activity captured by mapped DefiLlama adapter
clanker,fees,1789948800,2026-09-21T00:00:00Z,7245,USD/day,all activity captured by mapped DefiLlama adapter
clanker,fees,1790035200,2026-09-22T00:00:00Z,7397,USD/day,all activity captured by mapped DefiLlama adapter
clanker,fees,1790121600,2026-09-23T00:00:00Z,9707,USD/day,all activity captured by mapped DefiLlama adapter
clanker,fees,1790208000,2026-09-24T00:00:00Z,4553,USD/day,all activity captured by mapped DefiLlama adapter
clanker,fees,1790294400,2026-09-25T00:00:00Z,4392,USD/day,all activity captured by mapped DefiLlama adapter
stonkbrokers,fees,1787788800,2026-08-27T00:00:00Z,,USD/day,Nightshades ONLY; not all StonkBrokers products. Matches baseline 7d fee figure and faction-token description.
stonkbrokers,fees,1787875200,2026-08-28T00:00:00Z,,USD/day,Nightshades ONLY; not all StonkBrokers products. Matches baseline 7d fee figure and faction-token description.
stonkbrokers,fees,1787961600,2026-08-29T00:00:00Z,,USD/day,Nightshades ONLY; not all StonkBrokers products. Matches baseline 7d fee figure and faction-token description.
stonkbrokers,fees,1788048000,2026-08-30T00:00:00Z,,USD/day,Nightshades ONLY; not all StonkBrokers products. Matches baseline 7d fee figure and faction-token description.
stonkbrokers,fees,1788134400,2026-08-31T00:00:00Z,,USD/day,Nightshades ONLY; not all StonkBrokers products. Matches baseline 7d fee figure and faction-token description.
stonkbrokers,fees,1788220800,2026-09-01T00:00:00Z,,USD/day,Nightshades ONLY; not all StonkBrokers products. Matches baseline 7d fee figure and faction-token description.
stonkbrokers,fees,1788307200,2026-09-02T00:00:00Z,,USD/day,Nightshades ONLY; not all StonkBrokers products. Matches baseline 7d fee figure and faction-token description.
stonkbrokers,fees,1788393600,2026-09-03T00:00:00Z,,USD/day,Nightshades ONLY; not all StonkBrokers products. Matches baseline 7d fee figure and faction-token description.
stonkbrokers,fees,1788480000,2026-09-04T00:00:00Z,,USD/day,Nightshades ONLY; not all StonkBrokers products. Matches baseline 7d fee figure and faction-token description.
stonkbrokers,fees,1788566400,2026-09-05T00:00:00Z,,USD/day,Nightshades ONLY; not all StonkBrokers products. Matches baseline 7d fee figure and faction-token description.
stonkbrokers,fees,1788652800,2026-09-06T00:00:00Z,,USD/day,Nightshades ONLY; not all StonkBrokers products. Matches baseline 7d fee figure and faction-token description.
stonkbrokers,fees,1788739200,2026-09-07T00:00:00Z,,USD/day,Nightshades ONLY; not all StonkBrokers products. Matches baseline 7d fee figure and faction-token description.
stonkbrokers,fees,1788825600,2026-09-08T00:00:00Z,,USD/day,Nightshades ONLY; not all StonkBrokers products. Matches baseline 7d fee figure and faction-token description.
stonkbrokers,fees,1788912000,2026-09-09T00:00:00Z,,USD/day,Nightshades ONLY; not all StonkBrokers products. Matches baseline 7d fee figure and faction-token description.
stonkbrokers,fees,1788998400,2026-09-10T00:00:00Z,,USD/day,Nightshades ONLY; not all StonkBrokers products. Matches baseline 7d fee figure and faction-token description.
stonkbrokers,fees,1789084800,2026-09-11T00:00:00Z,,USD/day,Nightshades ONLY; not all StonkBrokers products. Matches baseline 7d fee figure and faction-token description.
stonkbrokers,fees,1789171200,2026-09-12T00:00:00Z,,USD/day,Nightshades ONLY; not all StonkBrokers products. Matches baseline 7d fee figure and faction-token description.
stonkbrokers,fees,1789257600,2026-09-13T00:00:00Z,,USD/day,Nightshades ONLY; not all StonkBrokers products. Matches baseline 7d fee figure and faction-token description.
stonkbrokers,fees,1789344000,2026-09-14T00:00:00Z,,USD/day,Nightshades ONLY; not all StonkBrokers products. Matches baseline 7d fee figure and faction-token description.
stonkbrokers,fees,1789430400,2026-09-15T00:00:00Z,156134,USD/day,Nightshades ONLY; not all StonkBrokers products. Matches baseline 7d fee figure and faction-token description.
stonkbrokers,fees,1789516800,2026-09-16T00:00:00Z,130249,USD/day,Nightshades ONLY; not all StonkBrokers products. Matches baseline 7d fee figure and faction-token description.
stonkbrokers,fees,1789603200,2026-09-17T00:00:00Z,57980,USD/day,Nightshades ONLY; not all StonkBrokers products. Matches baseline 7d fee figure and faction-token description.
stonkbrokers,fees,1789689600,2026-09-18T00:00:00Z,15514,USD/day,Nightshades ONLY; not all StonkBrokers products. Matches baseline 7d fee figure and faction-token description.
stonkbrokers,fees,1789776000,2026-09-19T00:00:00Z,30766,USD/day,Nightshades ONLY; not all StonkBrokers products. Matches baseline 7d fee figure and faction-token description.
stonkbrokers,fees,1789862400,2026-09-20T00:00:00Z,922,USD/day,Nightshades ONLY; not all StonkBrokers products. Matches baseline 7d fee figure and faction-token description.
stonkbrokers,fees,1789948800,2026-09-21T00:00:00Z,35518,USD/day,Nightshades ONLY; not all StonkBrokers products. Matches baseline 7d fee figure and faction-token description.
stonkbrokers,fees,1790035200,2026-09-22T00:00:00Z,15791,USD/day,Nightshades ONLY; not all StonkBrokers products. Matches baseline 7d fee figure and faction-token description.
stonkbrokers,fees,1790121600,2026-09-23T00:00:00Z,1881,USD/day,Nightshades ONLY; not all StonkBrokers products. Matches baseline 7d fee figure and faction-token description.
stonkbrokers,fees,1790208000,2026-09-24T00:00:00Z,595,USD/day,Nightshades ONLY; not all StonkBrokers products. Matches baseline 7d fee figure and faction-token description.
stonkbrokers,fees,1790294400,2026-09-25T00:00:00Z,1960,USD/day,Nightshades ONLY; not all StonkBrokers products. Matches baseline 7d fee figure and faction-token description.
bags,fees,1787788800,2026-08-27T00:00:00Z,10776,USD/day,all activity captured by mapped DefiLlama adapter
bags,fees,1787875200,2026-08-28T00:00:00Z,7879,USD/day,all activity captured by mapped DefiLlama adapter
bags,fees,1787961600,2026-08-29T00:00:00Z,4390,USD/day,all activity captured by mapped DefiLlama adapter
bags,fees,1788048000,2026-08-30T00:00:00Z,16670,USD/day,all activity captured by mapped DefiLlama adapter
bags,fees,1788134400,2026-08-31T00:00:00Z,19648,USD/day,all activity captured by mapped DefiLlama adapter
bags,fees,1788220800,2026-09-01T00:00:00Z,23358,USD/day,all activity captured by mapped DefiLlama adapter
bags,fees,1788307200,2026-09-02T00:00:00Z,8219,USD/day,all activity captured by mapped DefiLlama adapter
bags,fees,1788393600,2026-09-03T00:00:00Z,7439,USD/day,all activity captured by mapped DefiLlama adapter
bags,fees,1788480000,2026-09-04T00:00:00Z,11387,USD/day,all activity captured by mapped DefiLlama adapter
bags,fees,1788566400,2026-09-05T00:00:00Z,30603,USD/day,all activity captured by mapped DefiLlama adapter
bags,fees,1788652800,2026-09-06T00:00:00Z,11476,USD/day,all activity captured by mapped DefiLlama adapter
bags,fees,1788739200,2026-09-07T00:00:00Z,44694,USD/day,all activity captured by mapped DefiLlama adapter
bags,fees,1788825600,2026-09-08T00:00:00Z,4125,USD/day,all activity captured by mapped DefiLlama adapter
bags,fees,1788912000,2026-09-09T00:00:00Z,19621,USD/day,all activity captured by mapped DefiLlama adapter
bags,fees,1788998400,2026-09-10T00:00:00Z,10345,USD/day,all activity captured by mapped DefiLlama adapter
bags,fees,1789084800,2026-09-11T00:00:00Z,2519,USD/day,all activity captured by mapped DefiLlama adapter
bags,fees,1789171200,2026-09-12T00:00:00Z,2987,USD/day,all activity captured by mapped DefiLlama adapter
bags,fees,1789257600,2026-09-13T00:00:00Z,2538,USD/day,all activity captured by mapped DefiLlama adapter
bags,fees,1789344000,2026-09-14T00:00:00Z,1387,USD/day,all activity captured by mapped DefiLlama adapter
bags,fees,1789430400,2026-09-15T00:00:00Z,8975,USD/day,all activity captured by mapped DefiLlama adapter
bags,fees,1789516800,2026-09-16T00:00:00Z,2182,USD/day,all activity captured by mapped DefiLlama adapter
bags,fees,1789603200,2026-09-17T00:00:00Z,3510,USD/day,all activity captured by mapped DefiLlama adapter
bags,fees,1789689600,2026-09-18T00:00:00Z,2443,USD/day,all activity captured by mapped DefiLlama adapter
bags,fees,1789776000,2026-09-19T00:00:00Z,1911,USD/day,all activity captured by mapped DefiLlama adapter
bags,fees,1789862400,2026-09-20T00:00:00Z,1384,USD/day,all activity captured by mapped DefiLlama adapter
bags,fees,1789948800,2026-09-21T00:00:00Z,33423,USD/day,all activity captured by mapped DefiLlama adapter
bags,fees,1790035200,2026-09-22T00:00:00Z,5878,USD/day,all activity captured by mapped DefiLlama adapter
bags,fees,1790121600,2026-09-23T00:00:00Z,3677,USD/day,all activity captured by mapped DefiLlama adapter
bags,fees,1790208000,2026-09-24T00:00:00Z,7260,USD/day,all activity captured by mapped DefiLlama adapter
bags,fees,1790294400,2026-09-25T00:00:00Z,16718,USD/day,all activity captured by mapped DefiLlama adapter
rapid-launch,fees,1787788800,2026-08-27T00:00:00Z,10529,USD/day,all activity captured by mapped DefiLlama adapter
rapid-launch,fees,1787875200,2026-08-28T00:00:00Z,8835,USD/day,all activity captured by mapped DefiLlama adapter
rapid-launch,fees,1787961600,2026-08-29T00:00:00Z,5802,USD/day,all activity captured by mapped DefiLlama adapter
rapid-launch,fees,1788048000,2026-08-30T00:00:00Z,5076,USD/day,all activity captured by mapped DefiLlama adapter
rapid-launch,fees,1788134400,2026-08-31T00:00:00Z,7176,USD/day,all activity captured by mapped DefiLlama adapter
rapid-launch,fees,1788220800,2026-09-01T00:00:00Z,4972,USD/day,all activity captured by mapped DefiLlama adapter
rapid-launch,fees,1788307200,2026-09-02T00:00:00Z,3091,USD/day,all activity captured by mapped DefiLlama adapter
rapid-launch,fees,1788393600,2026-09-03T00:00:00Z,2989,USD/day,all activity captured by mapped DefiLlama adapter
rapid-launch,fees,1788480000,2026-09-04T00:00:00Z,3387,USD/day,all activity captured by mapped DefiLlama adapter
rapid-launch,fees,1788566400,2026-09-05T00:00:00Z,1351,USD/day,all activity captured by mapped DefiLlama adapter
rapid-launch,fees,1788652800,2026-09-06T00:00:00Z,2274,USD/day,all activity captured by mapped DefiLlama adapter
rapid-launch,fees,1788739200,2026-09-07T00:00:00Z,3329,USD/day,all activity captured by mapped DefiLlama adapter
rapid-launch,fees,1788825600,2026-09-08T00:00:00Z,6102,USD/day,all activity captured by mapped DefiLlama adapter
rapid-launch,fees,1788912000,2026-09-09T00:00:00Z,7899,USD/day,all activity captured by mapped DefiLlama adapter
rapid-launch,fees,1788998400,2026-09-10T00:00:00Z,5258,USD/day,all activity captured by mapped DefiLlama adapter
rapid-launch,fees,1789084800,2026-09-11T00:00:00Z,5397,USD/day,all activity captured by mapped DefiLlama adapter
rapid-launch,fees,1789171200,2026-09-12T00:00:00Z,,USD/day,all activity captured by mapped DefiLlama adapter
rapid-launch,fees,1789257600,2026-09-13T00:00:00Z,5318,USD/day,all activity captured by mapped DefiLlama adapter
rapid-launch,fees,1789344000,2026-09-14T00:00:00Z,5922,USD/day,all activity captured by mapped DefiLlama adapter
rapid-launch,fees,1789430400,2026-09-15T00:00:00Z,4188,USD/day,all activity captured by mapped DefiLlama adapter
rapid-launch,fees,1789516800,2026-09-16T00:00:00Z,3275,USD/day,all activity captured by mapped DefiLlama adapter
rapid-launch,fees,1789603200,2026-09-17T00:00:00Z,5166,USD/day,all activity captured by mapped DefiLlama adapter
rapid-launch,fees,1789689600,2026-09-18T00:00:00Z,7819,USD/day,all activity captured by mapped DefiLlama adapter
rapid-launch,fees,1789776000,2026-09-19T00:00:00Z,5548,USD/day,all activity captured by mapped DefiLlama adapter
rapid-launch,fees,1789862400,2026-09-20T00:00:00Z,5516,USD/day,all activity captured by mapped DefiLlama adapter
rapid-launch,fees,1789948800,2026-09-21T00:00:00Z,6361,USD/day,all activity captured by mapped DefiLlama adapter
rapid-launch,fees,1790035200,2026-09-22T00:00:00Z,7972,USD/day,all activity captured by mapped DefiLlama adapter
rapid-launch,fees,1790121600,2026-09-23T00:00:00Z,6519,USD/day,all activity captured by mapped DefiLlama adapter
rapid-launch,fees,1790208000,2026-09-24T00:00:00Z,5082,USD/day,all activity captured by mapped DefiLlama adapter
rapid-launch,fees,1790294400,2026-09-25T00:00:00Z,6899,USD/day,all activity captured by mapped DefiLlama adapter
basestonk,fees,1787788800,2026-08-27T00:00:00Z,14878,USD/day,all activity captured by mapped DefiLlama adapter
basestonk,fees,1787875200,2026-08-28T00:00:00Z,15279,USD/day,all activity captured by mapped DefiLlama adapter
basestonk,fees,1787961600,2026-08-29T00:00:00Z,6591,USD/day,all activity captured by mapped DefiLlama adapter
basestonk,fees,1788048000,2026-08-30T00:00:00Z,3663,USD/day,all activity captured by mapped DefiLlama adapter
basestonk,fees,1788134400,2026-08-31T00:00:00Z,12407,USD/day,all activity captured by mapped DefiLlama adapter
basestonk,fees,1788220800,2026-09-01T00:00:00Z,4487,USD/day,all activity captured by mapped DefiLlama adapter
basestonk,fees,1788307200,2026-09-02T00:00:00Z,2941,USD/day,all activity captured by mapped DefiLlama adapter
basestonk,fees,1788393600,2026-09-03T00:00:00Z,120116,USD/day,all activity captured by mapped DefiLlama adapter
basestonk,fees,1788480000,2026-09-04T00:00:00Z,17268,USD/day,all activity captured by mapped DefiLlama adapter
basestonk,fees,1788566400,2026-09-05T00:00:00Z,27852,USD/day,all activity captured by mapped DefiLlama adapter
basestonk,fees,1788652800,2026-09-06T00:00:00Z,33966,USD/day,all activity captured by mapped DefiLlama adapter
basestonk,fees,1788739200,2026-09-07T00:00:00Z,13168,USD/day,all activity captured by mapped DefiLlama adapter
basestonk,fees,1788825600,2026-09-08T00:00:00Z,8444,USD/day,all activity captured by mapped DefiLlama adapter
basestonk,fees,1788912000,2026-09-09T00:00:00Z,14971,USD/day,all activity captured by mapped DefiLlama adapter
basestonk,fees,1788998400,2026-09-10T00:00:00Z,7559,USD/day,all activity captured by mapped DefiLlama adapter
basestonk,fees,1789084800,2026-09-11T00:00:00Z,17761,USD/day,all activity captured by mapped DefiLlama adapter
basestonk,fees,1789171200,2026-09-12T00:00:00Z,8106,USD/day,all activity captured by mapped DefiLlama adapter
basestonk,fees,1789257600,2026-09-13T00:00:00Z,11341,USD/day,all activity captured by mapped DefiLlama adapter
basestonk,fees,1789344000,2026-09-14T00:00:00Z,6867,USD/day,all activity captured by mapped DefiLlama adapter
basestonk,fees,1789430400,2026-09-15T00:00:00Z,4979,USD/day,all activity captured by mapped DefiLlama adapter
basestonk,fees,1789516800,2026-09-16T00:00:00Z,3854,USD/day,all activity captured by mapped DefiLlama adapter
basestonk,fees,1789603200,2026-09-17T00:00:00Z,6526,USD/day,all activity captured by mapped DefiLlama adapter
basestonk,fees,1789689600,2026-09-18T00:00:00Z,2773,USD/day,all activity captured by mapped DefiLlama adapter
basestonk,fees,1789776000,2026-09-19T00:00:00Z,12395,USD/day,all activity captured by mapped DefiLlama adapter
basestonk,fees,1789862400,2026-09-20T00:00:00Z,4129,USD/day,all activity captured by mapped DefiLlama adapter
basestonk,fees,1789948800,2026-09-21T00:00:00Z,5059,USD/day,all activity captured by mapped DefiLlama adapter
basestonk,fees,1790035200,2026-09-22T00:00:00Z,5765,USD/day,all activity captured by mapped DefiLlama adapter
basestonk,fees,1790121600,2026-09-23T00:00:00Z,5809,USD/day,all activity captured by mapped DefiLlama adapter
basestonk,fees,1790208000,2026-09-24T00:00:00Z,3003,USD/day,all activity captured by mapped DefiLlama adapter
basestonk,fees,1790294400,2026-09-25T00:00:00Z,3646,USD/day,all activity captured by mapped DefiLlama adapter
four.meme,fees,1787788800,2026-08-27T00:00:00Z,17200,USD/day,all activity captured by mapped DefiLlama adapter
four.meme,fees,1787875200,2026-08-28T00:00:00Z,8795,USD/day,all activity captured by mapped DefiLlama adapter
four.meme,fees,1787961600,2026-08-29T00:00:00Z,4212,USD/day,all activity captured by mapped DefiLlama adapter
four.meme,fees,1788048000,2026-08-30T00:00:00Z,3623,USD/day,all activity captured by mapped DefiLlama adapter
four.meme,fees,1788134400,2026-08-31T00:00:00Z,8283,USD/day,all activity captured by mapped DefiLlama adapter
four.meme,fees,1788220800,2026-09-01T00:00:00Z,11305,USD/day,all activity captured by mapped DefiLlama adapter
four.meme,fees,1788307200,2026-09-02T00:00:00Z,7428,USD/day,all activity captured by mapped DefiLlama adapter
four.meme,fees,1788393600,2026-09-03T00:00:00Z,5737,USD/day,all activity captured by mapped DefiLlama adapter
four.meme,fees,1788480000,2026-09-04T00:00:00Z,7154,USD/day,all activity captured by mapped DefiLlama adapter
four.meme,fees,1788566400,2026-09-05T00:00:00Z,9578,USD/day,all activity captured by mapped DefiLlama adapter
four.meme,fees,1788652800,2026-09-06T00:00:00Z,10847,USD/day,all activity captured by mapped DefiLlama adapter
four.meme,fees,1788739200,2026-09-07T00:00:00Z,12073,USD/day,all activity captured by mapped DefiLlama adapter
four.meme,fees,1788825600,2026-09-08T00:00:00Z,15331,USD/day,all activity captured by mapped DefiLlama adapter
four.meme,fees,1788912000,2026-09-09T00:00:00Z,9541,USD/day,all activity captured by mapped DefiLlama adapter
four.meme,fees,1788998400,2026-09-10T00:00:00Z,7889,USD/day,all activity captured by mapped DefiLlama adapter
four.meme,fees,1789084800,2026-09-11T00:00:00Z,5076,USD/day,all activity captured by mapped DefiLlama adapter
four.meme,fees,1789171200,2026-09-12T00:00:00Z,5812,USD/day,all activity captured by mapped DefiLlama adapter
four.meme,fees,1789257600,2026-09-13T00:00:00Z,3713,USD/day,all activity captured by mapped DefiLlama adapter
four.meme,fees,1789344000,2026-09-14T00:00:00Z,5443,USD/day,all activity captured by mapped DefiLlama adapter
four.meme,fees,1789430400,2026-09-15T00:00:00Z,8715,USD/day,all activity captured by mapped DefiLlama adapter
four.meme,fees,1789516800,2026-09-16T00:00:00Z,5372,USD/day,all activity captured by mapped DefiLlama adapter
four.meme,fees,1789603200,2026-09-17T00:00:00Z,7487,USD/day,all activity captured by mapped DefiLlama adapter
four.meme,fees,1789689600,2026-09-18T00:00:00Z,5833,USD/day,all activity captured by mapped DefiLlama adapter
four.meme,fees,1789776000,2026-09-19T00:00:00Z,5623,USD/day,all activity captured by mapped DefiLlama adapter
four.meme,fees,1789862400,2026-09-20T00:00:00Z,4826,USD/day,all activity captured by mapped DefiLlama adapter
four.meme,fees,1789948800,2026-09-21T00:00:00Z,6893,USD/day,all activity captured by mapped DefiLlama adapter
four.meme,fees,1790035200,2026-09-22T00:00:00Z,4830,USD/day,all activity captured by mapped DefiLlama adapter
four.meme,fees,1790121600,2026-09-23T00:00:00Z,3768,USD/day,all activity captured by mapped DefiLlama adapter
four.meme,fees,1790208000,2026-09-24T00:00:00Z,5789,USD/day,all activity captured by mapped DefiLlama adapter
four.meme,fees,1790294400,2026-09-25T00:00:00Z,5844,USD/day,all activity captured by mapped DefiLlama adapter
foci,fees,1787788800,2026-08-27T00:00:00Z,,USD/day,all activity captured by mapped DefiLlama adapter
foci,fees,1787875200,2026-08-28T00:00:00Z,,USD/day,all activity captured by mapped DefiLlama adapter
foci,fees,1787961600,2026-08-29T00:00:00Z,,USD/day,all activity captured by mapped DefiLlama adapter
foci,fees,1788048000,2026-08-30T00:00:00Z,,USD/day,all activity captured by mapped DefiLlama adapter
foci,fees,1788134400,2026-08-31T00:00:00Z,,USD/day,all activity captured by mapped DefiLlama adapter
foci,fees,1788220800,2026-09-01T00:00:00Z,,USD/day,all activity captured by mapped DefiLlama adapter
foci,fees,1788307200,2026-09-02T00:00:00Z,,USD/day,all activity captured by mapped DefiLlama adapter
foci,fees,1788393600,2026-09-03T00:00:00Z,,USD/day,all activity captured by mapped DefiLlama adapter
foci,fees,1788480000,2026-09-04T00:00:00Z,,USD/day,all activity captured by mapped DefiLlama adapter
foci,fees,1788566400,2026-09-05T00:00:00Z,,USD/day,all activity captured by mapped DefiLlama adapter
foci,fees,1788652800,2026-09-06T00:00:00Z,,USD/day,all activity captured by mapped DefiLlama adapter
foci,fees,1788739200,2026-09-07T00:00:00Z,,USD/day,all activity captured by mapped DefiLlama adapter
foci,fees,1788825600,2026-09-08T00:00:00Z,,USD/day,all activity captured by mapped DefiLlama adapter
foci,fees,1788912000,2026-09-09T00:00:00Z,,USD/day,all activity captured by mapped DefiLlama adapter
foci,fees,1788998400,2026-09-10T00:00:00Z,,USD/day,all activity captured by mapped DefiLlama adapter
foci,fees,1789084800,2026-09-11T00:00:00Z,,USD/day,all activity captured by mapped DefiLlama adapter
foci,fees,1789171200,2026-09-12T00:00:00Z,,USD/day,all activity captured by mapped DefiLlama adapter
foci,fees,1789257600,2026-09-13T00:00:00Z,,USD/day,all activity captured by mapped DefiLlama adapter
foci,fees,1789344000,2026-09-14T00:00:00Z,,USD/day,all activity captured by mapped DefiLlama adapter
foci,fees,1789430400,2026-09-15T00:00:00Z,0,USD/day,all activity captured by mapped DefiLlama adapter
foci,fees,1789516800,2026-09-16T00:00:00Z,3370,USD/day,all activity captured by mapped DefiLlama adapter
foci,fees,1789603200,2026-09-17T00:00:00Z,1756,USD/day,all activity captured by mapped DefiLlama adapter
foci,fees,1789689600,2026-09-18T00:00:00Z,1102,USD/day,all activity captured by mapped DefiLlama adapter
foci,fees,1789776000,2026-09-19T00:00:00Z,175,USD/day,all activity captured by mapped DefiLlama adapter
foci,fees,1789862400,2026-09-20T00:00:00Z,51.4,USD/day,all activity captured by mapped DefiLlama adapter
foci,fees,1789948800,2026-09-21T00:00:00Z,5649,USD/day,all activity captured by mapped DefiLlama adapter
foci,fees,1790035200,2026-09-22T00:00:00Z,10757,USD/day,all activity captured by mapped DefiLlama adapter
foci,fees,1790121600,2026-09-23T00:00:00Z,8379,USD/day,all activity captured by mapped DefiLlama adapter
foci,fees,1790208000,2026-09-24T00:00:00Z,5090,USD/day,all activity captured by mapped DefiLlama adapter
foci,fees,1790294400,2026-09-25T00:00:00Z,5010,USD/day,all activity captured by mapped DefiLlama adapter
